College,Private,Apps,Accept,Enroll,Top10perc,Top25perc,F.Undergrad,P.Undergrad,Outstate,Room.Board,Books,Personal,PhD,Terminal,S.F.Ratio,perc.alumni,Expend,Grad.Rate,Apps_trans,Outstate_Tier,Outstate_Tier_Encoded,Private_Encoded,Accept_trans_scaled,Enroll_trans_scaled,Top10perc_trans_scaled,F.Undergrad_trans_scaled,P.Undergrad_trans_scaled,Outstate_trans_scaled,Books_trans_scaled,Personal_trans_scaled,PhD_trans_scaled,Terminal_trans_scaled,S.F.Ratio_trans_scaled,perc.alumni_trans_scaled,Expend_trans_scaled,Outstate_Tier_Encoded_scaled,Accept_Rate_scaled
Abilene Christian University,Yes,1660,1232,721,23,52,2885,537,7440,3300,450,2200,70.0,78,18.1,12,7041,60,5.730374554373153,Low,0,1,0.04102778860141398,0.49337479126560313,-0.053119072030679164,0.4335994064806973,0.3001555111149251,-0.6934490715406573,-0.6142542984789047,1.2713984993834921,-0.2904376445599966,-0.28237352323745246,1.0179463816947247,-0.8347120348951067,-0.49118269843375684,-1.0987972149572356,-0.032372339112454476
Adelphi University,Yes,2186,1924,512,16,29,2683,1227,12280,6450,750,1500,29.0,30,12.2,16,10527,56,5.889257941255077,Medium,1,1,0.4858210116017325,0.14221363903731324,-0.5849046607537621,0.36538161940562885,0.8682389489526622,0.5562683365380878,1.3023649764046783,0.4565508868862346,-2.177363991742446,-2.2481293668347866,-0.43508339754859504,-0.4323290036172367,0.5523622369819019,0.3581403891754813,0.9061926295687945
Adrian College,Yes,1428,1097,336,22,50,1036,99,11250,3750,400,1165,53.0,66,12.9,30,8735,54,5.642122502279379,Medium,1,1,-0.07704594401713065,-0.31597748023315525,-0.12094221917214974,-0.6367744332943974,-0.7272538841097254,0.32201070401890103,-1.0385747644227592,-0.06865514297677516,-1.2635854783881688,-1.0407110988557453,-0.2502164792374274,0.6744919519989533,0.09639280596058719,0.3581403891754813,0.14474993126166583
Agnes Scott College,Yes,417,349,137,60,89,510,63,12960,5450,450,875,92.0,97,7.7,37,19016,59,4.883064097773142,Medium,1,1,-1.2944460595624299,-1.3963882439476925,1.6144757210802636,-1.5312067984905091,-0.9740319705249556,0.7039260224445798,-0.6142542984789047,-0.6517337337581389,1.3709352724803292,1.3645882269351624,-1.7418718980861345,1.1257980885897985,1.726997292492287,0.3581403891754813,0.6122251618760883
Alaska Pacific University,Yes,193,146,55,16,44,249,869,7560,4120,800,1500,76.0,72,11.9,2,10922,15,4.372222909491132,Low,0,1,-2.287608178960452,-2.65921245857165,-0.5849046607537621,-2.5889009383551747,0.6254175275588529,-0.6567761844143083,1.5536080298286021,0.4565508868862346,0.1176563164912192,-0.6870519494859656,-0.5155706927336406,-2.329357208369601,0.6370436045066592,-1.0987972149572356,0.0649549473571826
Albertson College,Yes,587,479,158,38,62,678,41,13500,3335,500,675,75.0,73,9.4,11,9727,55,5.100784079945237,Medium,1,1,-0.9481727218976576,-1.2145441688060648,0.7690207208177242,-1.1550990508649248,-1.1985700260580425,0.817596785733177,-0.2291946039516519,-1.1697588648030377,0.0472975055627926,-0.6232192944825511,-1.22018114926161,-0.9453261344609437,0.3648514210769269,0.3581403891754813,0.4699427534045058
Albertus Magnus College,Yes,353,340,103,17,45,416,230,13290,5720,500,1500,90.0,93,11.5,26,8861,63,4.7749954562357555,Medium,1,1,-1.3233585876454557,-1.7722654599603764,-0.4994689411839057,-1.8150655120615597,-0.2364992154928749,0.7737527961030578,-0.2291946039516519,0.4565508868862346,1.2011418370759805,0.9692990979140862,-0.6241261617099947,0.3918121831278882,0.13304593063730483,0.3581403891754813,1.4709627437747093
Albion College,Yes,1899,1720,489,37,68,1594,32,13868,4826,450,850,89.0,100,13.7,37,11487,73,5.80841405082405,Medium,1,1,0.37527117805619203,0.09364363716824842,0.7226458157909562,-0.15706162447411603,-1.323847012672887,0.893359908024116,-0.6142542984789047,-0.7100928488101287,1.1176527018812943,1.6789026453905742,-0.043655143285563025,1.1257980885897985,0.7502823344555293,0.3581403891754813,1.0802869864699458
Albright College,Yes,1038,839,227,30,63,973,306,15595,4400,300,500,79.0,84,11.3,23,11644,80,5.451903582692195,High,2,1,-0.3534741599348467,-0.7700207143202807,0.3687770077049723,-0.7104745655794537,-0.06079782059427027,1.2322935057020183,-2.048308048513365,-1.7565250579131293,0.3343576374315665,0.17590711389826053,-0.6789541283407586,0.16480224108923644,0.7802351502105349,1.8150779933081982,0.41737146279108744
Alderson-Broaddus College,Yes,582,498,172,21,44,799,78,10468,3380,660,1800,40.0,41,11.5,15,8991,52,5.095403125842417,Medium,1,1,-0.9061519216966295,-1.1081651194371072,-0.1910995085854955,-0.9486144612853745,-0.8587961830100914,0.13456411411234906,0.8108421980583805,0.8415717373961816,-1.825325889916209,-2.0259049331637793,-0.6241261617099947,-0.5277223720549751,0.17002953770072857,0.3581403891754813,0.7396977547397248
Alfred University,Yes,1732,1425,472,37,75,1830,110,16548,5406,500,600,82.0,88,11.3,31,10932,73,5.755090956791713,High,2,1,0.18775308776651256,0.056018465230557216,0.7226458157909562,-0.012674055439693757,-0.6681269626758217,1.4088462913452764,-0.2291946039516519,-1.4016057556008417,0.5594977786457802,0.5124477851823425,-0.6789541283407586,0.7420738947418721,0.6391260070100195,1.8150779933081982,0.5157537502634543
Allegheny College,Yes,2652,1900,484,44,77,1707,44,17080,4440,400,600,73.0,91,9.9,41,11711,76,5.998914390891074,High,2,1,0.47348271760565924,0.08273597384868624,1.0296888476949617,-0.08489100248516802,-1.1623087972167596,1.5045123674303469,-1.0385747644227592,-1.4016057556008417,-0.09060810988813835,0.7816568116943878,-1.0739217798372556,1.3638859589907049,0.7928286551963845,1.8150779933081982,-0.20738347780626806
Allentown Coll. of St. Francis de Sales,Yes,1179,780,290,38,64,1130,638,9690,4785,600,1000,60.0,84,13.3,21,7940,74,5.528389402746837,Medium,1,1,-0.4295402304868231,-0.48324564741642817,0.7690207208177242,-0.5364055790483299,0.4148380667121805,-0.061289944401662744,0.4496014388117547,-0.38127720177114266,-0.8956449178437978,0.17590711389826053,-0.14633148248231995,0.004942020606680277,-0.15522989657869318,0.3581403891754813,-0.5805764736347522
Alma College,Yes,1267,1080,385,44,73,1306,28,12572,4552,400,400,79.0,87,15.3,32,9305,68,5.571303850748826,Medium,1,1,-0.09300759355290636,-0.16464391628379804,1.0296888476949617,-0.3733069128542516,-1.3900837948934837,0.6203160478629941,-1.0385747644227592,-2.1844360205206956,0.3343576374315665,0.4259346495311623,0.35589122750062535,0.808539510579746,0.2560513072365705,0.3581403891754813,0.7175029449852318
Alverno College,Yes,494,313,157,23,46,1317,1235,8352,3640,650,2449,36.0,69,11.1,26,8127,55,4.991633385594112,Low,0,1,-1.4152705393648974,-1.2225555821189287,-0.053119072030679164,-0.36401391094908286,0.872893115472483,-0.4238386292670067,0.7526774067369608,1.5036970035839818,-1.9664038120173581,-0.8700943318940553,-0.7341609556836695,0.3918121831278882,-0.09264109665666519,-1.0987972149572356,-0.770866360009395
American International College,Yes,1420,1093,220,9,22,1018,287,8700,4780,450,1400,78.0,84,14.7,19,7355,69,5.638810341012978,Low,0,1,-0.08077771585910469,-0.8074776554826101,-1.3330274833513371,-0.6572622589402508,-0.10067963175366583,-0.3260722857638828,-0.6142542984789047,0.31220519615957604,0.2611863106631819,0.17590711389826053,0.20805976907672294,-0.16286735762255852,-0.3666623052432123,-1.0987972149572356,0.15502838090331952
Amherst College,Yes,4302,992,418,83,96,1593,5,19760,5300,660,1598,75.0,98,8.4,63,21424,100,6.266764828378472,High,2,1,-0.18017304900606554,-0.07474233594180844,2.2780860366648286,-0.15772790585019517,-2.1706909080364514,1.958821970010619,0.8108421980583805,0.589610906138956,0.0472975055627926,1.467641878959388,-1.5221214688076337,2.4973679239732567,1.921528660450019,1.8150779933081982,-3.5122780490670085
Anderson University,Yes,1216,908,423,19,40,1819,281,10100,3520,550,1100,48.0,61,12.1,14,7994,59,5.546838255829398,Medium,1,1,-0.27145911398680356,-0.06183714060491797,-0.3392340437249904,-0.018888304447196087,-0.11376894624033462,0.04316040253595542,0.12366360001576755,-0.18659120673062196,-1.498334943952575,-1.2983753500580535,-0.4618260387652622,-0.6263490551654358,-0.13692440314021118,0.3581403891754813,-0.001477328769296739
Andrews University,Yes,1130,704,322,14,23,1586,326,9996,3090,900,1320,62.0,66,11.5,18,10908,46,5.502977625509524,Medium,1,1,-0.5371343557435257,-0.3639418028883701,-0.7684736752694478,-0.1624061960324376,-0.02115914000686885,0.016933326759192444,2.0175449906937217,0.18968183158858168,-0.7820953142680762,-1.0407110988557453,-0.6241261617099947,-0.2501326687269887,0.6341232956603398,0.3581403891754813,-0.8429325116318765
Angelo State University,No,3540,2001,1016,24,54,4190,1512,5130,3592,500,2000,60.0,62,23.1,5,4010,34,6.159956447207543,Low,0,0,0.5243231695301871,0.8272088611281935,0.012544204192919739,0.7676884667409246,1.0193220410253423,-1.4912463226655415,-0.2291946039516519,1.066451766681205,-0.8956449178437978,-1.2494530951634284,2.1082507547381426,-1.7484034784636024,-2.3924526873218346,-1.0987972149572356,-1.2357963684675604
Antioch University,Yes,713,661,252,25,44,712,23,15476,3336,400,1100,69.0,82,11.3,35,42926,48,5.22220392427682,High,2,1,-0.603660749843487,-0.6463731763978171,0.07620224590010687,-1.092794678079059,-1.4860814376784817,1.209754325500277,-1.0385747644227592,-0.18659120673062196,-0.3551734271494861,0.01703484187169807,-0.6789541283407586,1.0017342937327451,2.8359956859131503,1.8150779933081982,1.22537216866725
Appalachian State University,No,7313,4664,1910,20,63,9940,1035,6806,2540,96,2000,83.0,96,18.3,14,5854,70,6.54989071997773,Low,0,0,1.3296974152615388,1.3975044645046737,-0.2637884142137955,1.4439439767799103,0.7474276315958315,-0.8939510962294311,-5.699556150931114,1.066451766681205,0.6364201082318471,1.2632379969775114,1.0636508731902279,-0.6263490551654358,-1.0519687050520372,-1.0987972149572356,-0.7425339967163721
Aquinas College,Yes,619,516,219,20,51,1251,767,11208,4124,350,1615,55.0,65,12.7,25,6584,65,5.134098490891557,Medium,1,1,-0.8678947238934365,-0.8129407337877209,-0.2637884142137955,-0.42124755421152005,0.5395560299649554,0.31216472861049205,-1.5119094043589478,0.6119203357285081,-1.1631383334388996,-1.094880026424442,-0.3026284436876273,0.31770887154146105,-0.6885530095696396,0.3581403891754813,0.5895880059066398
Arizona State University Main campus,No,12809,10308,3761,24,49,22593,7585,7434,4850,700,2100,88.0,93,18.9,5,4602,48,6.837344770841847,Low,0,0,2.0428491730402856,1.9512314890631361,0.012544204192919739,1.9783596156465513,2.297115337082717,-0.6952928841954168,1.0360807080301793,1.171185067061469,1.0351018728628827,0.9692990979140862,1.1996123641074883,-1.7484034784636024,-1.8724588424063098,-1.0987972149572356,0.3933015365440395
Arkansas College (Lyon College),Yes,708,334,166,46,74,530,182,8644,3922,500,800,79.0,88,12.6,24,14579,54,5.2178396738875765,Low,0,1,-1.343091931247804,-1.1524865054486442,1.1106782881401172,-1.4790166841604393,-0.37689610893187386,-0.34162914293415475,-0.2291946039516519,-0.8317407990918487,0.3343576374315665,0.5124477851823425,-0.32895477682173246,0.24207061628816592,1.2454681517793549,-1.0987972149572356,-1.8718300799866314
Arkansas Tech University,No,1734,1729,951,12,52,3602,939,3460,2650,450,1000,57.0,60,19.6,5,4739,48,5.755761698858027,Low,0,0,0.38043779411181816,0.7642184544263523,-0.9727316677869278,0.6355953858538823,0.6792289379186931,-2.2324617327877823,-0.6142542984789047,-0.38127720177114266,-1.0589485972397998,-1.3460179845367914,1.3561294433902287,-1.7484034784636024,-1.7666101753091932,-1.0987972149572356,1.701857699179681
Assumption College,Yes,2135,1700,491,23,59,1708,689,12000,5920,500,500,93.0,93,13.8,30,7100,88,5.875756050770481,Medium,1,1,0.36368557121025114,0.09797073617634125,-0.053119072030679164,-0.08427854063618628,0.4666461901064971,0.49390607097335004,-0.2291946039516519,-1.7565250579131293,1.4572396942508257,0.9692990979140862,-0.018169123018266124,0.6744919519989533,-0.4671388486143458,0.3581403891754813,0.33552465258318
Auburn University-Main Campus,No,7548,6791,3070,25,57,16262,1716,6300,3933,600,1908,85.0,91,16.7,18,6642,69,6.5664259314045506,Low,0,0,1.6724482597493227,1.7913283718185165,0.07620224590010687,1.7758025973961926,1.1124020592964763,-1.0629709897256059,0.4496014388117547,0.9657230697457871,0.7930785944456105,0.7816568116943878,0.6923240937679691,-0.2501326687269887,-0.6623477640253405,-1.0987972149572356,1.0392600991794334
Augsburg College,Yes,662,513,257,12,30,2074,726,11902,4372,540,950,65.0,65,12.8,31,7836,58,5.176065717707329,Medium,1,1,-0.8741708878669022,-0.623342191668465,-0.9727316677869278,0.11449793484123197,0.502111266263199,0.4718535875829905,0.05539420530459672,-0.4854840926797661,-0.6047483730462211,-1.094880026424442,-0.27638263533977875,0.7420738947418721,-0.19103172876789828,0.3581403891754813,0.19044222201896155
Augustana College IL,Yes,1879,1658,497,36,69,1950,38,13353,4173,540,821,78.0,83,12.7,40,9220,71,5.802298962839009,Medium,1,1,0.3388740939764009,0.11083104433542443,0.675328745331237,0.05229420487314884,-1.2373062479710122,0.7869534898148401,0.05539420530459672,-0.7798144878972988,0.2611863106631819,0.09569733284866454,-0.3026284436876273,1.3055390172857926,0.23321172569719256,0.3581403891754813,0.9214152171455695
Augustana College,Yes,761,725,306,21,58,1337,300,10990,3244,600,1021,66.0,70,10.4,30,6871,69,5.2625024368532864,Medium,1,1,-0.5062068793682908,-0.42179417873863634,-0.1910995085854955,-0.3473575074707333,-0.07314506384833197,0.26066610660468426,0.4496014388117547,-0.33894274637344624,-0.5437597006270006,-0.8104772611976783,-0.9305096236198235,0.6744919519989533,-0.5622343980249318,0.3581403891754813,1.3996816360153455
Austin College,Yes,948,798,295,42,74,1120,15,11280,4342,400,1150,81.0,95,13.0,33,11361,71,5.397006827825975,Medium,1,1,-0.40569893364125426,-0.4636302335001798,0.9459121453121655,-0.5465906523231704,-1.6883580068917186,0.32902876832268085,-1.0385747644227592,-0.09532026038541107,0.4835133023364041,1.1635803366973685,-0.22412911897517096,0.8739402534841448,0.7257832507645184,0.3581403891754813,0.6451598036797984
Averett College,Yes,627,556,172,16,40,777,538,9925,4135,750,1350,59.0,67,22.4,11,6523,48,5.142138629605635,Medium,1,1,-0.7877554128753497,-1.1081651194371072,-0.5849046607537621,-0.9832004951644471,0.3013831459239031,-0.001074826464552071,1.3023649764046783,0.23641393781517428,-0.9510154817010009,-0.9851988400469104,1.9615837552373678,-0.9453261344609437,-0.7165006291979146,0.3581403891754813,0.9511964327113083
Baker University,Yes,602,483,206,21,47,958,466,8620,4100,400,2250,58.0,68,11.0,21,6136,65,5.116636653484124,Low,0,1,-0.9391798758815909,-0.8866943418530147,-0.1910995085854955,-0.7288823297174306,0.20724118805424357,-0.3483166376790663,-1.0385747644227592,1.3199334198128518,-1.0054500100654609,-0.9283307329438812,-0.7619093999483375,0.004942020606680277,-0.9036897818932241,-1.0987972149572356,0.3768326308712099
Baldwin-Wallace College,Yes,1690,1366,662,30,61,2718,1460,10995,4410,1000,1000,68.0,74,17.6,20,8086,85,5.740810196339767,Medium,1,1,0.14527370727206387,0.4075134570631678,0.3687770077049723,0.3776414704782418,0.9937885450977617,0.2618547522692284,2.4385556153715937,-0.38127720177114266,-0.4189723100864871,-0.5579571392876599,0.9028169700855416,-0.07789765626183243,-0.10617250445471191,0.3581403891754813,0.4173637074421868
Barat College,Yes,261,192,111,15,36,453,266,9690,4300,500,500,57.0,77,9.7,35,9337,71,4.575781894199479,Medium,1,1,-1.968997673144619,-1.6721029692823495,-0.6744109272506593,-1.6948013186411106,-0.14762845649391362,-0.061289944401662744,-0.2291946039516519,-1.7565250579131293,-1.0589485972397998,-0.35347352257287784,-1.1320725358242631,1.0017342937327451,0.2645665459976302,0.3581403891754813,-0.0768354716887223
Bard College,Yes,1910,838,285,50,85,1004,15,19264,6206,750,750,98.0,98,10.4,30,13894,79,5.811747969199109,High,2,1,-0.3547151912688672,-0.503255081738839,1.2651043449994013,-0.6735049516794012,-1.6883580068917186,1.87793808381642,1.3023649764046783,-0.9606431574678065,1.902841217007688,1.467641878959388,-0.9305096236198235,0.6744919519989533,1.150582615517194,1.8150779933081982,-2.0963599098482697
Barnard College,Yes,2496,1402,531,53,95,2121,69,17926,8124,600,850,83.0,93,10.3,33,12580,91,5.9646781587167075,High,2,1,0.17142098591541893,0.1804758188519211,1.3749937779595973,0.1369006235566917,-0.925244514156253,1.6526907612293125,0.4496014388117547,-0.7100928488101287,0.6364201082318471,0.9692990979140862,-0.9589736432806009,0.8739402534841448,0.9466907792604569,1.8150779933081982,-1.259982056603119
Barry University,Yes,990,784,279,18,45,1811,3144,11290,5360,600,1800,76.0,78,12.6,11,9084,72,5.423291155867108,Medium,1,1,-0.42419168724755596,-0.5278077443510664,-0.41769469988544683,-0.02343660070007725,1.5741815572673292,0.33136539791935343,0.4496014388117547,0.8415717373961816,0.1176563164912192,-0.28237352323745246,-0.32895477682173246,-0.9453261344609437,0.19598482610711043,0.3581403891754813,0.30604530939689845
Baylor University,Yes,6075,5349,2367,34,66,9919,484,6450,3920,600,1346,71.0,76,18.5,38,7503,72,6.452159177660709,Low,0,1,1.4557402805984707,1.579078362955058,0.5776799288914052,1.4424396563129227,0.23194512481235613,-1.0119640772693326,0.4496014388117547,0.2302388759572927,-0.2247648828620271,-0.4230962065588109,1.109161442390268,1.186525502100285,-0.3107758058606938,-1.0987972149572356,0.9085560258813842
Beaver College,Yes,1163,850,348,23,56,878,519,12850,5400,400,800,78.0,89,12.2,30,8954,73,5.5202182647885305,Medium,1,1,-0.3399262780273664,-0.2766647616636491,-0.053119072030679164,-0.833370321592488,0.2776982439626942,0.6803911120003983,-1.0385747644227592,-0.8317407990918487,0.2611863106631819,0.6005650532112241,-0.43508339754859504,0.6744919519989533,0.15958778625130116,0.3581403891754813,-0.10923983361517903
Bellarmine College,Yes,807,707,308,39,63,1198,605,8840,2950,750,1290,74.0,82,13.1,31,6668,84,5.298641024465666,Medium,1,1,-0.5326562064282423,-0.4143740765445859,0.8144962912549331,-0.46994019984940544,0.3792880943109691,-0.2874658280935898,1.3023649764046783,0.14195578669882095,-0.022123945179242006,0.01703484187169807,-0.1981197138629203,0.7420738947418721,-0.6507148514205461,0.3581403891754813,0.8785608716883413
Belmont Abbey College,Yes,632,494,129,17,36,709,131,9000,4850,300,2480,78.0,85,13.2,10,7550,52,5.147108027436891,Medium,1,1,-0.9148542999364531,-1.474309288976423,-0.4994689411839057,-1.098144853736447,-0.5687111330584819,-0.2438328726773592,-2.048308048513365,1.5310702281670878,0.2611863106631819,0.25767565625110594,-0.17218743851993448,-1.060970526681064,-0.2933824340998798,0.3581403891754813,0.236161109305513
Belmont University,Yes,1220,974,481,28,67,1964,623,7800,3664,650,900,61.0,61,11.1,19,7614,49,5.548796565969473,Low,0,1,-0.1990200493516654,0.07612880200700002,0.2564541555541443,0.05955546209244588,0.398889570751312,-0.5845619581984869,0.7526774067369608,-0.5948985251698033,-0.8393382257670974,-1.2983753500580535,-0.7341609556836695,-0.16286735762255852,-0.2699645858179488,-1.0987972149572356,0.3498620405629712
Beloit College,Yes,1320,923,284,26,54,1085,81,16304,3616,355,715,75.0,95,11.1,26,12957,69,5.595633998156974,High,2,1,-0.2545122097991054,-0.5073055598220004,0.13799295441079093,-0.5831309871770871,-0.8381790084362992,1.3642928024927294,-1.4620140067894487,-1.0556986655376748,0.0472975055627926,1.1635803366973685,-0.7341609556836695,0.3918121831278882,1.0084419148859107,1.8150779933081982,-0.32436931824763404
Bemidji State University,No,1208,877,546,12,36,3796,824,4425,2700,660,1800,57.0,62,19.6,16,3752,46,5.542900819755318,Low,0,0,-0.30745167749468877,0.20958391161450185,-0.9727316677869278,0.6819176384241512,0.5887221256003545,-1.781279641101148,0.8108421980583805,0.8415717373961816,-1.0589485972397998,-1.2494530951634284,1.3561294433902287,-0.4323290036172367,-2.6578353535574277,-1.0987972149572356,-0.14240146751948327
Benedictine College,Yes,632,620,222,14,24,702,501,9550,3850,350,250,75.0,84,14.1,18,5922,58,5.147108027436891,Medium,1,1,-0.6715507605793894,-0.796636923018889,-0.7684736752694478,-1.1107366395715648,0.25452777986226477,-0.09761998875753103,-1.5119094043589478,-3.062920596744526,0.0472975055627926,0.17590711389826053,0.0578612934555406,-0.2501326687269887,-1.0152189069534967,0.3581403891754813,1.592314674862353
Bennington College,Yes,519,327,114,25,53,457,2,21700,4100,600,500,35.0,59,10.1,33,16364,55,5.0230136003014865,High,2,1,-1.3665988771657835,-1.6366699370331954,0.07620224590010687,-1.6825201948308235,-2.5348043450754973,2.2629566246673223,0.4496014388117547,-1.7565250579131293,-1.999339635780793,-1.392393977623881,-1.0162263078285314,0.8739402534841448,1.4633422065399033,1.8150779933081982,-0.7949834542112806
Bentley College,Yes,3466,2330,640,20,60,3095,1533,13800,5510,630,850,87.0,87,17.5,20,10941,82,6.148291221709282,Medium,1,1,0.6726944137389245,0.37321103157508523,-0.2637884142137955,0.49860637000018987,1.029409853917204,0.8794605502331131,0.6339700077405097,-0.7100928488101287,0.9534892875353681,0.4259346495311623,0.8796391417393972,-0.07789765626183243,0.6409976588717751,0.3581403891754813,-0.5080160334240951
Berry College,Yes,1858,1221,480,37,68,1620,49,8050,3940,350,2375,80.0,80,16.3,17,10511,63,5.795802510347577,Low,0,1,0.03193723405653549,0.07391584234241172,0.7226458157909562,-0.13991503047067838,-1.106552791365331,-0.5108746975091973,-1.5119094043589478,1.4370347749246752,0.4084666114840554,-0.1356944211524122,0.5973594417391935,-0.3398815888114029,0.5488289868373689,-1.0987972149572356,-0.6106383516830002
Bethany College,Yes,878,816,200,16,41,706,62,8740,3363,550,1700,62.0,68,11.6,29,7718,48,5.350293486506336,Low,0,1,-0.38242580127669423,-0.9225677402831564,-0.5849046607537621,-1.1035226954130717,-0.9825675695179338,-0.3150004769714215,0.12366360001576755,0.720306207993199,-0.7820953142680762,-0.9283307329438812,-0.5968513856813783,0.605737985971725,-0.23255110106695637,-1.0987972149572356,1.2411279287757169
Bethel College KS,Yes,202,184,122,19,42,537,101,8540,3580,500,1400,61.0,80,8.8,32,8324,56,4.403248400819824,Low,0,1,-2.0181113983163756,-1.5472072638375063,-0.3392340437249904,-1.4613146071722953,-0.7160770609235252,-0.3706970294107873,-0.2291946039516519,0.31220519615957604,-0.8393382257670974,-0.1356944211524122,-1.3997522503124076,0.808539510579746,-0.02906368632803433,-1.0987972149572356,1.1153271407249643
Bethel College,Yes,502,384,104,11,28,347,74,6200,2900,600,800,63.0,63,11.7,13,7623,35,5.001856969534135,Low,0,1,-1.1891273623576988,-1.7592629458791422,-1.0845174670653988,-2.078637735883977,-0.8874268200608982,-1.097420398630377,0.4496014388117547,-0.8317407990918487,-0.7239160936184083,-1.199238322126377,-0.5696679334896119,-0.7285459060471434,-0.26669579069769817,-1.0987972149572356,0.12252653810695432
Bethune Cookman College,Yes,1646,1150,542,12,30,2128,82,5188,3396,650,2500,48.0,48,13.8,9,6817,58,5.7254351371727585,Low,0,1,-0.028930027628678308,0.2019127744541784,-0.9727316677869278,0.1401853966530453,-0.8314593967701944,-1.468582119341377,0.7526774067369608,1.5485627320659785,-1.498334943952575,-1.8227310098814986,-0.018169123018266124,-1.18236541463741,-0.585373912788788,-1.0987972149572356,-0.3283078312388013
Birmingham-Southern College,Yes,805,588,287,67,88,1376,207,11660,4325,400,900,74.0,79,14.0,34,8649,72,5.297116229474374,Medium,1,1,-0.7279619141912383,-0.49520308156545995,1.8339863950842885,-0.3157343147978096,-0.30009653988082174,0.4168816091088187,-1.0385747644227592,-0.5948985251698033,-0.022123945179242006,-0.20978440474634713,0.03258838544133381,0.9383237726310382,0.07090393487116542,0.3581403891754813,-0.11218972375194451
Blackburn College,Yes,500,336,156,25,55,421,27,6500,2700,500,1000,76.0,76,14.3,53,8377,51,4.9993175453743435,Low,0,1,-1.3364723265762548,-1.2306260699097216,0.07620224590010687,-1.7980667168378366,-1.4079726500278762,-0.9951351141622933,-0.2291946039516519,-0.38127720177114266,0.1176563164912192,-0.4230962065588109,0.10819887684225446,2.0131860854053287,-0.012353858488955588,-1.0987972149572356,-0.509680299256604
Bloomsburg Univ. of Pennsylvania,No,6773,3028,1025,15,55,5847,946,7844,2948,500,1680,75.0,68,18.0,19,7041,75,6.509629677685815,Low,0,0,0.924470508819371,0.8355631841537732,-0.6744109272506593,1.0437985490156891,0.6844093815412561,-0.5714816336528199,-0.2291946039516519,0.6952627029457149,0.0472975055627926,-0.9283307329438812,0.995020485992735,-0.16286735762255852,-0.49118269843375684,-1.0987972149572356,-2.0397254376154748
Bluefield College,Yes,377,358,181,15,30,653,129,7150,4350,450,1500,61.0,67,17.8,3,6259,53,4.8178151361759465,Low,0,1,-1.266319939141912,-1.0449219639106846,-0.6744109272506593,-1.2033929563374504,-0.5775343946618573,-0.7837089911468502,-0.6142542984789047,0.4565508868862346,-0.8393382257670974,-0.9851988400469104,0.9490194931800552,-2.110816300186537,-0.842263487325053,-1.0987972149572356,1.3786509704998542
Bluffton College,Yes,692,514,209,20,50,760,81,9900,3990,400,900,76.0,71,13.3,19,9073,58,5.203648601302708,Medium,1,1,-0.8720744828559045,-0.8692067638980328,-0.2637884142137955,-1.0107540532780923,-0.8381790084362992,-0.007435867506012867,-1.0385747644227592,-0.5948985251698033,0.1176563164912192,-0.7494672137091747,-0.14633148248231995,-0.16286735762255852,0.19293625552656662,0.3581403891754813,-0.028250885080052593
Boston University,Yes,20192,13007,3810,45,80,14971,3113,18420,6810,475,1025,80.0,81,11.9,16,16836,72,7.062292863085528,High,2,1,2.2446757212635418,1.9612594360226996,1.0705183742130722,1.7225095835120228,1.566400034084339,1.7371004827258412,-0.41730816701513446,-0.3309705579009971,0.4084666114840554,-0.060091883356808096,-0.5155706927336406,-0.4323290036172367,1.5149199449563813,1.8150779933081982,-0.6990153094154373
Bowdoin College,Yes,3356,1019,418,76,100,1490,8,19030,5885,1495,875,93.0,96,11.2,52,20447,96,6.13044782707892,High,2,1,-0.15257740176789597,-0.07474233594180844,2.092417481864056,-0.2292230589851523,-1.9707317600173162,1.839303693574466,4.09895898173997,-0.6517337337581389,1.4572396942508257,1.2632379969775114,-0.7065095991630403,1.9622254883185175,1.8468697924441353,1.8150779933081982,-3.0154054508501793
Bowling Green State University,No,9251,7333,3076,14,45,13699,1213,7452,3352,600,1700,81.0,89,21.1,14,6918,67,6.67188130954874,Low,0,0,1.7414064032460839,1.792890133744915,-0.7684736752694478,1.6642175111317756,0.8600279544133582,-0.6897643746874383,0.4496014388117547,0.720306207993199,0.4835133023364041,0.6005650532112241,1.6843804232693957,-0.6263490551654358,-0.5423215742328643,-1.0987972149572356,0.3111597547912219
Bradford College,Yes,443,330,151,5,36,453,42,14080,6270,500,900,57.0,80,10.2,21,15387,46,4.921970749198113,Medium,1,1,-1.3564592212056348,-1.2718938680769172,-1.9916231295773121,-1.6948013186411106,-1.1862246672296413,0.9364079032146706,-0.2291946039516519,-0.5948985251698033,-1.0589485972397998,-0.1356944211524122,-0.9875453814266576,0.004942020606680277,1.348917944145591,0.3581403891754813,-0.013650259089187435
Bradley University,Yes,3767,3414,1061,30,58,4531,643,10870,4440,2000,1522,75.0,81,14.4,21,7671,85,6.194172221649912,Medium,1,1,1.038241518901599,0.8681541233453204,0.3687770077049723,0.83434025099358,0.4200791863579125,0.23203139392723884,5.355379168407231,0.4871077983874889,0.0472975055627926,-0.060091883356808096,0.1332649014169342,0.004942020606680277,-0.24936222050965934,0.3581403891754813,1.0840392376190469
Brandeis University,Yes,4186,2743,740,48,77,2819,62,19380,6750,410,1000,90.0,97,9.8,24,17150,84,6.251880396433773,High,2,1,0.8300257270972666,0.5193117054244474,1.1890885687490678,0.4119680489873813,-0.9825675695179338,1.896975944257963,-0.9501505503982629,-0.38127720177114266,1.2011418370759805,1.3645882269351624,-1.102939443941877,0.24207061628816592,1.5480135052741835,1.8150779933081982,-0.6234180362101059
Brenau University,Yes,367,274,158,12,41,917,479,9592,5879,500,700,71.0,80,13.7,12,5935,49,4.800339346858235,Medium,1,1,-1.5642007556644464,-1.2145441688060648,-0.9727316677869278,-0.7810443837135085,0.2251671013717651,-0.0866844460919116,-0.2291946039516519,-1.09776212520345,-0.2247648828620271,-0.1356944211524122,-0.043655143285563025,-0.8347120348951067,-1.0082672446913603,0.3581403891754813,-0.0022699379670338134
Brewton-Parker College,Yes,1436,1228,1202,10,26,1320,822,4371,2370,500,2000,62.0,62,12.6,10,4900,18,5.645414817337446,Low,0,1,0.03773220957089282,0.9845297828283764,-1.204141438433242,-0.36149586633264524,0.5870496469262879,-1.8047132906922128,-0.2291946039516519,1.066451766681205,-0.7820953142680762,-1.2494530951634284,-0.32895477682173246,-1.060970526681064,-1.6480951708121516,-1.0987972149572356,0.7361816506318815
Briar Cliff College,Yes,392,351,155,16,44,738,430,10260,3597,600,1500,39.0,66,13.1,26,8355,58,4.843117574658335,Medium,1,1,-1.2881293204642825,-1.2387564506763804,-0.5849046607537621,-1.0475479310975058,0.15513897741571556,0.08316552390396748,0.4496014388117547,0.4565508868862346,-1.861995858107514,-1.0407110988557453,-0.1981197138629203,0.3918121831278882,-0.019270165157907596,0.3581403891754813,1.0100077259975684
Bridgewater College,Yes,838,673,292,22,53,881,55,10265,4725,560,875,75.0,73,13.2,24,8655,82,5.321770128085581,Medium,1,1,-0.5846400000751253,-0.47535301422902143,-0.12094221917214974,-0.8292454849789069,-1.0460501389834256,0.084409058563265,0.19086001172443917,-0.6517337337581389,0.0472975055627926,-0.6232192944825511,-0.17218743851993448,0.24207061628816592,0.072694895888684,0.3581403891754813,0.3821183120083568
Brigham Young University at Provo,Yes,7365,5402,4615,48,82,27378,1253,2340,3580,860,1220,76.0,76,20.5,40,7916,33,6.553598207695971,Low,0,1,1.4647629632189882,2.1074482879146994,1.1890885687490678,2.090124047935184,0.8832664435062872,-2.87582633994978,1.837638387681267,0.026470901546871033,0.1176563164912192,-0.4230962065588109,1.554206057028963,1.3055390172857926,-0.16342743253500772,-1.0987972149572356,-0.09154933203745334
Brown University,Yes,12586,3239,1462,87,95,5643,349,19528,5926,720,1100,99.0,100,7.6,39,20440,97,6.82851425733085,High,2,1,0.9884617985065828,1.1627337138457048,2.379000709104455,1.015322642227296,0.021801912305271596,1.9211572534797512,1.14452306768254,-0.18659120673062196,1.9947778099275253,1.6789026453905742,-1.773888167063639,1.2464286838639715,1.846315090312397,1.8150779933081982,-3.3302553746982584
Bryn Mawr College,Yes,1465,810,313,71,95,1088,16,18165,6750,500,1200,100.0,100,12.3,49,17449,89,5.657186644050265,High,2,1,-0.39012200100405087,-0.39606438339421407,1.9518471386888567,-0.579943006792985,-1.658361763019646,1.6937169402895762,-0.2291946039516519,-0.007652219826546156,2.087653298069207,1.6789026453905742,-0.4084259016153431,1.806191872967965,1.578668975404604,1.8150779933081982,-1.319826558765797
Bucknell University,Yes,6548,3813,862,49,85,3316,31,18550,4750,800,1200,95.0,97,14.2,36,13675,93,6.491826459702461,High,2,1,1.1422188906647628,0.6694143417456774,1.2273850455284772,0.5614530302964561,-1.3396748933878242,1.759065856055431,1.5536080298286021,-0.007652219826546156,1.632664244935875,1.3645882269351624,0.0830645638304953,1.0642129526815685,1.1187099133306053,1.8150779933081982,-1.119742609767286
Buena Vista College,Yes,860,688,285,32,70,1928,442,13306,3797,450,950,62.0,69,8.8,10,6333,78,5.337634238870248,Medium,1,1,-0.5613676660185738,-0.503255081738839,0.4756588429698257,0.04075430941373802,0.1729293238518454,0.7771092410121854,-0.6142542984789047,-0.4854840926797661,-0.7820953142680762,-0.8700943318940553,-1.3997522503124076,-1.060970526681064,-0.806197279148967,0.3581403891754813,0.3610133423250317
Butler University,Yes,2362,2037,700,40,68,2607,148,13130,4650,500,1600,77.0,81,10.9,29,9511,83,5.933384656644335,Medium,1,1,0.5417841529648038,0.4637743140020278,0.8591123720558882,0.33807575570227816,-0.4982584079537135,0.7400414030092266,-0.2291946039516519,0.5922469197789686,0.18895256078278097,-0.060091883356808096,-0.7897561601567338,0.605737985971725,0.3100924077001191,0.3581403891754813,0.7855087473351305
Cabrini College,Yes,599,494,224,8,28,1035,446,10518,6250,300,300,59.0,76,16.5,36,7117,71,5.113500288038837,Medium,1,1,-0.9148542999364531,-0.785908258102905,-1.4730544512765091,-0.6379012285170879,0.1787627805838344,0.14681933353138032,-2.048308048513365,-2.7257704669587155,-0.9510154817010009,-0.4230962065588109,0.6449537276656453,1.0642129526815685,-0.46026806871072845,0.3581403891754813,0.5290833795668959
Caldwell College,Yes,1011,604,213,17,42,693,868,8900,4600,425,1000,87.0,96,13.9,25,7922,55,5.435988261101466,Medium,1,1,-0.69935686936548,-0.846335178583432,-0.4994689411839057,-1.1271528263354789,0.6246208735534577,-0.27104314076609054,-0.8209747620312199,-0.38127720177114266,0.9534892875353681,1.2632379969775114,0.007245147886748601,0.31770887154146105,-0.1613744579731098,0.3581403891754813,-1.0169390083481802
California Lutheran University,Yes,563,247,247,23,52,1427,432,12950,5300,612,576,72.0,74,12.4,17,8985,60,5.0744933757078226,Medium,1,1,-1.6812550927070584,-0.6699373681777876,-0.053119072030679164,-0.2759914391812374,0.1581348585178636,0.7017919204959063,0.524292089495936,-1.4814896984440749,-0.1581550637201262,-0.5579571392876599,-0.3818525909118415,-0.3398815888114029,0.16834078692165713,0.3581403891754813,-2.096511728413544
California Polytechnic-San Luis,No,7811,3817,1650,47,73,12911,1404,7380,4877,612,2091,72.0,81,19.8,13,8453,59,6.584288669678092,Low,0,0,1.1432014091905662,1.2701763696759831,1.1501937769220463,1.6246892933412624,0.9653575739583252,-0.7119313609652208,0.524292089495936,1.161950346858785,-0.1581550637201262,-0.060091883356808096,1.4004471709358843,-0.7285459060471434,0.011324884884015073,-1.0987972149572356,-1.756746065079412
California State University at Fresno,No,4540,3294,1483,5,60,13494,1254,7706,4368,600,1926,90.0,90,21.2,8,7268,61,6.295999715924064,Low,0,0,1.0044106431533073,1.1755045579130055,-1.9916231295773121,1.6542059610878723,0.88383879346298,-0.6126695683392136,0.4496014388117547,0.9857796287851013,1.2011418370759805,0.6902976719925955,1.7059353653945974,-1.310419180097965,-0.40033092882002924,-1.0987972149572356,-0.14541295664005865
Calvin College,Yes,1784,1512,913,29,56,3401,136,10230,3710,400,1210,75.0,81,14.8,41,7786,81,5.7722657338691254,Medium,1,1,0.24707821547234254,0.7250474060118076,0.3133361961439693,0.5842787509954999,-0.5471730267600209,0.07569594286834247,-1.0385747644227592,0.009474619732120822,0.0472975055627926,-0.060091883356808096,0.23285911133526874,1.3638859589907049,-0.20850617036806604,0.3581403891754813,0.6843510875872706
Campbell University,Yes,2087,1339,657,20,54,3191,1204,7550,2790,600,500,77.0,77,21.8,34,3739,63,5.86272850728117,Low,0,1,0.1251750512597046,0.3998340936741343,-0.2637884142137955,0.5265573908214919,0.8547042417087158,-0.6598175891537094,0.4496014388117547,-1.7565250579131293,0.18895256078278097,-0.35347352257287784,1.8344440104278008,0.9383237726310382,-2.671950574810418,-1.0987972149572356,-0.7165326189339855
Campbellsville College,Yes,848,587,298,25,55,935,184,6060,3070,600,1300,62.0,66,17.7,13,5391,49,5.3290358026203455,Low,0,1,-0.7297772784662574,-0.4520441584320677,0.07620224590010687,-0.7578008556512423,-0.3704128641720285,-1.1462683370580748,0.4496014388117547,0.15797762173098692,-0.7820953142680762,-1.0407110988557453,0.9259436201670271,-0.7285459060471434,-1.3209395744714785,-1.0987972149572356,-0.3721584482904006
Canisius College,Yes,2853,2193,753,16,34,2978,434,10750,5340,400,1130,90.0,92,14.6,26,7972,64,6.039971333459322,Medium,1,1,0.6138163373827595,0.536619351975036,-0.5849046607537621,0.4630769492698839,0.16111826630539056,0.20318825005073013,-1.0385747644227592,-0.13137917435120128,1.2011418370759805,0.8746535950171559,0.18319470580243435,0.3918121831278882,-0.14435910867888582,0.3581403891754813,0.14786048908557373
Capital University,Yes,1747,1382,449,34,66,1662,960,13050,4000,500,800,64.0,69,12.1,27,9557,83,5.760101393344818,Medium,1,1,0.15698458651118335,0.002548505447045332,0.5776799288914052,-0.11291342235414786,0.6946674556874309,0.7230844371695309,-0.2291946039516519,-0.8317407990918487,-0.6648004755172165,-0.8700943318940553,-0.4618260387652622,0.464466880638092,0.3219138639315185,0.3581403891754813,0.30027162076363334
Capitol College,Yes,100,90,35,10,52,282,331,8400,2812,300,2134,10.0,50,12.1,24,7976,52,3.9129953412512473,Low,0,1,-2.8653616941160593,-3.353213447141232,-1.204141438433242,-2.3931913503392033,-0.01159251633041347,-0.4101964618018934,-2.048308048513365,1.2057442275076526,-2.5199733693011925,-1.7549633934685398,-0.4618260387652622,0.24207061628816592,-0.1430049917869522,-1.0987972149572356,1.0412427498106847
Carleton College,Yes,2694,1579,489,75,93,1870,12,19292,3957,550,550,81.0,93,10.4,60,17960,91,6.007763298185624,High,2,1,0.29032947136843146,0.09364363716824842,2.0648660712522746,0.009545198981380886,-1.7906089740186033,1.8825403099845799,0.12366360001576755,-1.5715860927236946,0.4835133023364041,0.9692990979140862,-0.9305096236198235,2.356633289468622,1.629227550028525,1.8150779933081982,-1.0938796962541564
Carnegie Mellon University,Yes,8728,5201,1191,60,89,4265,291,17900,5690,450,1250,86.0,93,9.2,31,24386,74,6.641875661213283,High,2,1,1.4300296656687832,0.9760309280872344,1.6144757210802636,0.7829020843937382,-0.09208974967983123,1.648206037169157,-0.6142542984789047,0.07669669114387034,0.8728148827034736,0.9692990979140862,-1.2795288599936459,0.7420738947418721,2.119035540808053,1.8150779933081982,-1.0273467246948378
Carroll College,Yes,1160,991,352,19,55,1357,737,12200,3880,480,930,74.0,81,17.8,25,7666,79,5.51867275529593,Medium,1,1,-0.18121047834317722,-0.26390684607092774,-0.3392340437249904,-0.33100208097937345,0.5123408454749714,0.538546706109194,-0.37900648471193404,-0.5285949292479319,-0.022123945179242006,-0.060091883356808096,0.9490194931800552,0.31770887154146105,-0.2511599874470662,0.3581403891754813,0.7304482791491362
Carson-Newman College,Yes,1096,951,464,27,62,1776,239,8150,3150,400,500,61.0,62,13.6,16,6716,67,5.4846401898536445,Low,0,1,-0.2236516619690418,0.037767732486126165,0.19803987368047105,-0.0436273664495819,-0.21316481794747663,-0.4818208158084276,-1.0385747644227592,-1.7565250579131293,-0.8393382257670974,-1.2494530951634284,-0.06921364143108587,-0.4323290036172367,-0.6294214451007857,-1.0987972149572356,0.8215336163709758
Carthage College,Yes,1616,1427,434,20,43,1405,580,13125,3775,500,1300,74.0,89,15.9,22,7364,62,5.7146971725432225,Medium,1,1,0.18915993044771656,-0.03405472879350941,-0.2637884142137955,-0.29291960698744207,0.3511732797563741,0.7389835842826059,-0.2291946039516519,0.15797762173098692,-0.022123945179242006,0.6005650532112241,0.5014836937996878,0.08579840488433134,-0.36321439786746845,0.3581403891754813,0.9259068230464089
Case Western Reserve University,Yes,3877,3156,713,71,93,3051,513,15700,4730,525,1460,95.0,95,2.9,29,19733,67,6.209965223408937,High,2,1,0.9638369436592903,0.48221711257288824,1.9518471386888567,0.48543997431306957,0.27005634226328334,1.2520873745932648,-0.0491042890162079,0.3999140298676009,1.632664244935875,1.1635803366973685,-3.550324457241616,0.605737985971725,1.788735362496316,1.8150779933081982,0.45645951144347285
Castleton State College,No,1257,940,363,9,22,1547,294,7656,4690,400,700,75.0,91,14.7,8,6318,79,5.5665909312078234,Low,0,0,-0.2356581155382164,-0.22966727129555303,-1.3330274833513371,-0.18893997718757288,-0.08571688992271767,-0.6277122745785015,-1.0385747644227592,-1.09776212520345,0.0472975055627926,0.7816568116943878,0.20805976907672294,-1.310419180097965,-0.8134553204387818,-1.0987972149572356,0.006016929190116609
Catawba College,Yes,1083,880,291,13,34,915,80,9270,4100,600,1860,75.0,82,13.5,27,8425,55,5.477466979961726,Medium,1,1,-0.30390953615181665,-0.4792915098783934,-0.8676768730139961,-0.7836612961375073,-0.844973801065171,-0.17134355406045979,0.4496014388117547,0.9113698004143922,0.0472975055627926,0.01703484187169807,-0.09484535878691201,0.464466880638092,0.0026394733212608554,0.3581403891754813,0.4464345790914668
Catholic University of America,Yes,1754,1465,505,24,49,2159,211,13712,6408,526,1100,90.0,96,9.3,18,12751,75,5.762423825874635,Medium,1,1,0.21549652218080703,0.1277022693310842,0.012544204192919739,0.15457554958110933,-0.2885928819247596,0.8614061931799917,-0.04205732086405128,-0.18659120673062196,1.2011418370759805,1.2632379969775114,-1.2497929358770419,-0.2501326687269887,0.9750488092760707,0.3581403891754813,0.6006836808804095
Cazenovia College,Yes,3847,3433,527,9,35,1010,12,9384,4840,600,500,22.0,47,14.3,20,7697,100,6.205706183183913,Medium,1,1,1.043481288894746,0.17255324686701148,-1.3330274833513371,-0.6665102013047233,-1.7906089740186033,-0.14115332886810525,0.4496014388117547,-1.7565250579131293,-2.3426513264572666,-1.854952083311673,0.10819887684225446,-0.07789765626183243,-0.24004288438780527,0.3581403891754813,0.9894342714136749
Cedar Crest College,Yes,776,607,198,25,58,791,764,14340,5285,500,1000,58.0,83,11.7,39,10961,74,5.274538503828361,Medium,1,1,-0.6940836829630798,-0.9348022212105668,0.07620224590010687,-0.9610553969776796,0.5368781036420703,0.9886251869582499,-0.2291946039516519,-0.38127720177114266,-1.0054500100654609,0.09569733284866454,-0.5696679334896119,1.2464286838639715,0.6451483961369353,0.3581403891754813,0.24004471058144936
Cedarville College,Yes,1307,1090,616,25,55,2196,82,7344,4410,570,1000,50.0,52,15.3,34,6897,64,5.589764512245741,Low,0,1,-0.08358613976269119,0.334203743046088,0.07620224590010687,0.1714247113007568,-0.8314593967701944,-0.7230681594635857,0.25701902020397893,-0.38127720177114266,-1.407240633156519,-1.6826681864267155,0.35589122750062535,0.9383237726310382,-0.551192926453769,-1.0987972149572356,0.5920935695045492
Centenary College,Yes,369,312,90,12,46,396,526,11400,5400,500,760,41.0,85,9.5,20,9583,24,4.803875049021678,Medium,1,1,-1.4188357424428708,-1.9558613716806974,-0.9727316677869278,-1.8856391729747426,0.2865138104912046,0.3569790488367371,-0.2291946039516519,-0.9342388053548695,-1.7877220279954493,0.25767565625110594,-1.1906916694765612,-0.07789765626183243,0.3285568121058922,0.3581403891754813,0.6707112839445165
Centenary College of Louisiana,Yes,495,434,210,35,55,775,44,8950,3490,600,1900,86.0,92,11.3,25,9685,66,4.9929210090952365,Medium,1,1,-1.0552533695086312,-0.8634418217589086,0.6270233788095004,-0.9864037673793917,-1.1623087972167596,-0.2574130404925574,0.4496014388117547,0.956752752058499,0.8728148827034736,0.8746535950171559,-0.6789541283407586,0.31770887154146105,0.35435151159408024,0.3581403891754813,0.883209655142301
Center for Creative Studies,Yes,601,396,203,1,20,525,323,11230,6643,2340,620,8.0,58,6.8,4,13025,47,5.115593064922806,Medium,1,1,-1.1553649344311454,-0.9044781642504026,-3.3612688093227097,-1.4918364333182481,-0.026962778119205975,0.31732516147642065,6.0530181682508815,-1.3372646172018097,-2.536538902664445,-1.4375163915219222,-2.036203154870672,-1.9198799308640517,1.019285697495923,0.3581403891754813,-0.598777901514958
Central College,Yes,1283,1113,401,31,65,1355,40,10938,3660,650,600,76.0,90,13.5,29,8444,67,5.578762138195142,Medium,1,1,-0.06226297394862873,-0.11998966637277815,0.42285937607467217,-0.33262436134163803,-1.211189781762898,0.24828307838356609,0.7526774067369608,-1.4016057556008417,0.1176563164912192,0.6902976719925955,-0.09484535878691201,0.605737985971725,0.0085379902147928,0.3581403891754813,0.820154937712853
Central Connecticut State University,No,4158,2532,902,6,24,6394,3881,5962,4444,500,985,69.0,73,16.7,4,4900,49,6.248221283066764,Low,0,0,0.7530756514875379,0.7133564384805473,-1.7978331880954055,1.1145356649136142,1.7413779548467743,-1.1809047034307898,-0.2291946039516519,-0.41202307052356546,-0.3551734271494861,-0.6232192944825511,0.6923240937679691,-1.9198799308640517,-1.6480951708121516,-1.0987972149572356,-0.9385880076186984
Central Missouri State University,No,4681,4101,1436,10,35,8094,1596,4620,3288,300,2250,69.0,80,19.7,4,5501,50,6.312554011619514,Low,0,0,1.2102826784775924,1.1466258528442743,-1.204141438433242,1.2945115470294177,1.0589431691000166,-1.698189396709275,-2.048308048513365,1.3199334198128518,-0.3551734271494861,-0.1356944211524122,1.3783101875984967,-1.9198799308640517,-1.2538849562609657,-1.0987972149572356,0.8786328999973014
Central Washington University,No,2785,2011,1007,8,65,6507,898,7242,3603,654,1416,67.0,89,18.1,0,6413,51,6.026438585057603,Low,0,0,0.5292069248091147,0.818768739719904,-1.4730544512765091,1.1282306812538572,0.6481684615279927,-0.7548184765600304,0.7760362517747464,0.33592952075740884,-0.48183437398018664,0.6005650532112241,1.0179463816947247,-2.939282937555179,-0.7679308655684332,-1.0987972149572356,-0.1690038261646869
Central Wesleyan College,Yes,174,146,88,8,29,1047,33,8300,3080,600,600,62.0,62,15.2,18,3365,58,4.301292475437227,Low,0,1,-2.287608178960452,-1.9868129824918828,-1.4730544512765091,-0.6244665158021973,-1.308458762070803,-0.4386758937990879,0.4496014388117547,-1.4016057556008417,-0.7820953142680762,-1.2494530951634284,0.33141144399481504,-0.2501326687269887,-3.113453572771081,-1.0987972149572356,0.6268501222619537
Centre College,Yes,1013,888,288,55,82,943,7,11850,4270,600,900,95.0,99,11.4,60,13118,74,5.437182725635745,Medium,1,1,-0.29452658494306044,-0.49120131495986397,1.4457068812376728,-0.747644815488662,-2.028489116527091,0.4601038015829847,0.4496014388117547,-0.5948985251698033,1.632664244935875,1.572409762644023,-0.6514933665420364,2.356633289468622,1.0339755894704985,0.3581403891754813,0.8820972714552058
Chapman University,Yes,959,771,351,23,48,1662,209,16624,5895,600,1100,72.0,80,12.8,6,12692,47,5.404009804657063,High,2,1,-0.4416824490834828,-0.2670805907577139,-0.053119072030679164,-0.11291342235414786,-0.2943199092245855,1.4226353908535947,0.4496014388117547,-0.18659120673062196,-0.1581550637201262,-0.1356944211524122,-0.27638263533977875,-1.5915826153084158,0.9653310656928504,1.8150779933081982,0.387967166604964
Chatham College,Yes,212,197,91,28,56,471,148,13500,5230,400,850,95.0,98,9.3,37,16095,52,4.4360276192474375,Medium,1,1,-1.9394002377675381,-1.940681649321754,0.2564541555541443,-1.6405464277573574,-0.4982584079537135,0.817596785733177,-1.0385747644227592,-0.7100928488101287,1.632664244935875,1.467641878959388,-1.2497929358770419,1.1257980885897985,1.43290854052399,0.3581403891754813,1.2401777652074324
Chestnut Hill College,Yes,342,254,126,25,64,518,232,10335,5015,700,850,71.0,71,8.3,29,7729,73,4.754313963373374,Medium,1,1,-1.6496397205359281,-1.5049785800313094,0.07620224590010687,-1.5100362848347857,-0.23124356768754165,0.10177691395341366,1.0360807080301793,-0.7100928488101287,-0.2247648828620271,-0.7494672137091747,-1.5530655010797432,0.605737985971725,-0.2286393685629645,0.3581403891754813,-0.02882573331002042
Christendom College,Yes,81,72,51,33,71,139,3,8730,3600,400,800,92.0,92,9.3,17,10922,58,3.7611124672275764,Low,0,1,-3.1384263630419373,-2.771828192533303,0.5272445442404738,-3.5801190477343177,-2.3777403148239418,-0.31776530316597534,-1.0385747644227592,-0.8317407990918487,1.3709352724803292,0.8746535950171559,-1.2497929358770419,-0.3398815888114029,0.6370436045066592,-1.0987972149572356,0.9656617045345008
Christian Brothers University,Yes,880,520,224,16,42,1068,364,9300,3260,600,900,81.0,81,11.1,24,8129,63,5.351682855643525,Medium,1,1,-0.8595869242702062,-0.785908258102905,-0.5849046607537621,-0.6014014697757546,0.04846520513052674,-0.1633752172840885,0.4496014388117547,-0.5948985251698033,0.4835133023364041,-0.060091883356808096,-0.7341609556836695,0.24207061628816592,-0.09198372173213074,0.3581403891754813,-1.0612845096904244
Christopher Newport University,No,883,766,428,3,37,2910,1749,7860,4750,525,1889,75.0,82,21.2,16,4639,48,5.353760570616239,Low,0,0,-0.44849378258757316,-0.0491067053906913,-2.4887995845903816,0.44163611843436634,1.1265120299043923,-0.5667371044636494,-0.0491042890162079,0.944361294176206,0.0472975055627926,0.01703484187169807,1.7059353653945974,-0.4323290036172367,-1.843397236919828,-1.0987972149572356,0.8201489333345997
Claflin College,Yes,1196,697,499,21,47,959,13,4412,2460,500,1000,69.0,69,16.9,31,7083,21,5.536941907242763,Low,0,1,-0.5476632109287558,0.11507806589137938,-0.1910995085854955,-0.7276442458726137,-1.7541900886425583,-1.786903830420274,-0.2291946039516519,-0.38127720177114266,-0.3551734271494861,-0.8700943318940553,0.7394742565334033,0.7420738947418721,-0.47403504891383413,-1.0987972149572356,-1.1166087317951408
Claremont McKenna College,Yes,1860,767,227,71,93,887,1,17000,6010,500,850,99.0,99,9.6,52,18443,87,5.796424605372455,High,2,1,-0.44712772029753683,-0.7700207143202807,1.9518471386888567,-0.8210469405406025,-2.789154165730728,1.4902527561246501,-0.2291946039516519,-0.7100928488101287,1.9947778099275253,1.572409762644023,-1.161322711796831,1.9622254883185175,1.6750172127554945,1.8150779933081982,-2.2757898985198923
Clark University,Yes,2887,2059,457,30,61,1928,296,17500,4200,500,950,94.0,95,10.5,35,11951,79,6.04660853192715,High,2,1,0.5522930890582677,0.021498079333076087,0.3687770077049723,0.04075430941373802,-0.08150079528244612,1.5786643424998181,-0.2291946039516519,-0.4854840926797661,1.5444826653483823,1.1635803366973685,-0.9021518863751777,1.0017342937327451,0.837042915729513,1.8150779933081982,-0.22944557529154097
Clarke College,Yes,460,340,167,14,45,604,350,10740,3676,350,900,67.0,71,11.0,27,7963,74,4.946107463113445,Medium,1,1,-1.3233585876454557,-1.1449724819271094,-0.7684736752694478,-1.3049380131993686,0.023611289917723172,0.20077512590340488,-1.5119094043589478,-0.5948985251698033,-0.48183437398018664,-0.7494672137091747,-0.7619093999483375,0.464466880638092,-0.14740970669691755,0.3581403891754813,-0.05303934049232297
Clarkson University,Yes,2174,1953,557,35,68,2332,53,15960,5580,700,1300,95.0,95,15.8,32,11659,77,5.886111654705952,High,2,1,0.5005120717795324,0.23034972346441254,0.6270233788095004,0.2305067883580239,-1.065526666446129,1.300729305606375,1.0360807080301793,0.15797762173098692,1.632664244935875,1.1635803366973685,0.47736869024981116,0.808539510579746,0.7830642867453498,1.8150779933081982,1.029978601388659
Clemson University,No,8065,5257,2301,37,65,11755,770,8116,3610,800,1618,82.0,88,18.0,17,7597,73,6.600937955527503,Low,0,0,1.4398489258503555,1.5554826314209462,0.7226458157909562,1.561045391302674,0.5422245335870918,-0.4916727253520716,1.5536080298286021,0.6158347070057715,0.5594977786457802,0.5124477851823425,0.995020485992735,-0.3398815888114029,-0.2761552654652537,-1.0987972149572356,-0.6468901194795007
Clinch Valley Coll. of  the Univ. of Virginia,No,689,561,250,15,30,1125,422,7168,3689,600,1900,67.0,67,18.1,9,4417,46,5.2009486097265825,Low,0,0,-0.7781737218182171,-0.6557335843814129,-0.6744109272506593,-0.5414843212497539,0.14302848656282782,-0.7780373645702803,0.4496014388117547,0.956752752058499,-0.48183437398018664,-0.9851988400469104,1.0179463816947247,-1.18236541463741,-2.02336001412118,-1.0987972149572356,0.45776585601675013
Coe College,Yes,1006,742,275,29,60,1127,205,13925,4390,500,2200,73.0,86,12.7,32,10141,67,5.432990975033504,Medium,1,1,-0.481863839999892,-0.5445170234935137,0.3133361961439693,-0.5394495289192723,-0.3059236890617404,0.9049763854520162,-0.2291946039516519,1.2713984993834921,-0.09060810988813835,0.3410143789166372,-0.3026284436876273,0.808539510579746,0.46473766683990514,0.3581403891754813,-0.0636229080735668
Coker College,Yes,604,452,295,15,47,690,222,9888,4502,400,1000,64.0,77,12.1,39,8741,75,5.118718262914657,Medium,1,1,-1.0110570163081178,-0.4636302335001798,-0.6744109272506593,-1.1326827264257686,-0.25794229884583064,-0.010492915918669883,-1.0385747644227592,-0.38127720177114266,-0.6648004755172165,-0.35347352257287784,-0.4618260387652622,1.2464286838639715,0.0981566530155247,0.3581403891754813,0.009636562299330428
Colby College,Yes,2848,1319,456,58,84,1720,35,18930,5590,500,1000,83.0,94,10.2,41,15954,91,6.03898812259156,High,2,1,0.11000576441484457,0.019150392074915666,1.5482723599064572,-0.07696291798306226,-1.2789032854925582,1.822698070132443,-0.2291946039516519,-0.38127720177114266,0.6364201082318471,1.0656043502924986,-0.9875453814266576,1.3638859589907049,1.416641000688538,1.8150779933081982,-1.9304617052231972
Colgate University,Yes,4856,2492,727,46,75,2649,25,19510,5565,500,750,95.0,98,10.5,45,15494,93,6.332371453829209,High,2,1,0.7377161324027989,0.5016497498866993,1.1106782881401172,0.3532839310691485,-1.4456176595845187,1.91822272865028,-0.2291946039516519,-0.9606431574678065,1.632664244935875,1.467641878959388,-0.9021518863751777,1.590170069482996,1.3619902426424022,1.8150779933081982,-1.590023557893291
College Misericordia,Yes,1432,888,317,29,58,1121,493,10860,5760,550,900,56.0,62,12.9,23,8604,96,5.643771126211779,Medium,1,1,-0.29452658494306044,-0.38165786794647216,0.3133361961439693,-0.5455671659013943,0.24398810214401248,0.22963581213625453,0.12366360001576755,-0.5948985251698033,-1.1115113391571876,-1.2494530951634284,-0.2502164792374274,0.16480224108923644,0.05741037916067402,0.3581403891754813,-0.8626395582916181
College of Charleston,No,4772,3140,1265,22,55,6851,1200,6120,3460,666,2316,73.0,78,17.2,18,4776,51,6.322956407121948,Low,0,0,0.9590104236329168,1.0315371608988597,-0.12094221917214974,1.168200248743354,0.8523266270880502,-1.1252436803842232,0.8453735565907201,1.3824926166108347,-0.09060810988813835,-0.28237352323745246,0.8097944922590647,-0.2501326687269887,-1.7388292182536413,-1.0987972149572356,-0.6048782052698525
College of Mount St. Joseph,Yes,798,620,238,14,41,1165,1232,9800,4430,400,1150,46.0,46,11.1,35,6889,100,5.291747262032309,Medium,1,1,-0.6715507605793894,-0.7137726579415359,-0.7684736752694478,-0.5016046522210058,0.8711509956451351,-0.03298609131842826,-1.0385747644227592,-0.09532026038541107,-1.5856896657426467,-1.886083615874445,-0.7341609556836695,1.0017342937327451,-0.554583455942255,0.3581403891754813,0.20416846641355288
College of Mount St. Vincent,Yes,946,648,177,23,46,707,432,11790,5770,500,1000,75.0,77,11.9,35,10015,83,5.395724196887649,Medium,1,1,-0.6246877363726802,-1.0725717048206616,-0.053119072030679164,-1.1017269914478576,0.1581348585178636,0.4465041895937315,-0.2291946039516519,-0.38127720177114266,0.0472975055627926,-0.35347352257287784,-0.5155706927336406,1.0017342937327451,0.4350125389199105,0.3581403891754813,-0.42132238214049755
College of Notre Dame,Yes,344,264,97,11,42,500,331,12600,5520,630,2250,77.0,80,10.4,7,9773,43,4.758126840739828,Medium,1,1,-1.6060549969125655,-1.8534678545232153,-1.0845174670653988,-1.558246388907632,-0.01159251633041347,0.6264060545068413,0.6339700077405097,1.3199334198128518,0.18895256078278097,-0.1356944211524122,-0.9305096236198235,-1.4463049754933548,0.37627138325947584,0.3581403891754813,0.13954330267854007
College of Notre Dame of Maryland,Yes,457,356,177,35,61,667,1983,11180,5620,600,700,64.0,64,11.5,32,7477,75,4.941918299090424,Medium,1,1,-1.2725043435246965,-1.0725717048206616,0.6270233788095004,-1.1760763655527264,1.2201932091694032,0.3055872717085839,0.4496014388117547,-1.09776212520345,-0.6648004755172165,-1.1477182127095475,-0.6241261617099947,0.808539510579746,-0.32047004302710796,0.3581403891754813,0.21812051274380062
College of Saint Benedict,Yes,938,864,511,29,62,1715,103,12247,4221,500,600,70.0,88,13.1,26,8847,72,5.390564421493404,Medium,1,1,-0.32295212481625657,0.14015464358450822,0.3133361961439693,-0.0800035102034036,-0.7050979406155996,0.5489673813859551,-0.2291946039516519,-1.4016057556008417,-0.2904376445599966,0.5124477851823425,-0.1981197138629203,0.3918121831278882,0.1290131548058799,0.3581403891754813,1.1848306204739674
College of Saint Catherine,Yes,511,411,186,23,51,1692,562,12224,4440,450,1000,63.0,87,11.5,32,7315,77,5.013151626937583,Medium,1,1,-1.1146681606827469,-1.0113347037556053,-0.053119072030679164,-0.0941307514072864,0.33024616355550596,0.5438711907586482,-0.6142542984789047,-0.38127720177114266,-0.7239160936184083,0.4259346495311623,-0.6241261617099947,0.808539510579746,-0.3820654250634753,0.3581403891754813,0.3902991485181519
College of Saint Elizabeth,Yes,444,359,122,34,53,493,968,10900,5250,380,1000,68.0,70,11.4,23,9447,78,4.923417858955789,Medium,1,1,-1.2632415746016368,-1.5472072638375063,0.5776799288914052,-1.577569401517824,0.7004688394881605,0.2392094638614887,-1.2213597710573685,-0.38127720177114266,-0.4189723100864871,-0.8104772611976783,-0.6514933665420364,0.16480224108923644,0.29349768312781277,0.3581403891754813,0.4192311744972268
College of Saint Rose,Yes,983,664,249,23,57,1698,894,9990,5666,800,1500,66.0,71,14.3,28,6084,64,5.418994475009835,Medium,1,1,-0.5988711547633354,-0.6604462346878194,-0.053119072030679164,-0.09042291532710994,0.6450701157281964,0.015414767758354089,1.5536080298286021,0.4565508868862346,-0.5437597006270006,-0.7494672137091747,0.10819887684225446,0.5357515534995189,-0.9302330411610731,0.3581403891754813,-0.485986448888029
College of Santa Fe,Yes,546,447,189,16,42,873,683,11138,4138,600,1200,40.0,74,14.0,7,8820,80,5.055132670958436,Medium,1,1,-1.023142367447542,-0.9916783979866695,-0.5849046607537621,-0.8402833707891113,0.4607340329705107,0.29570076441891063,0.4496014388117547,-0.007652219826546156,-1.825325889916209,-0.5579571392876599,0.03258838544133381,-1.4463049754933548,0.1212077939598643,0.3581403891754813,0.48808916570147237
College of St. Joseph,Yes,141,118,55,12,21,201,173,8300,4850,450,1300,53.0,53,9.5,19,6936,76,4.155706328472555,Low,0,1,-2.539500743868252,-2.65921245857165,-0.9727316677869278,-2.9383956523232557,-0.40688940091514875,-0.4386758937990879,-0.6142542984789047,0.15797762173098692,-1.2635854783881688,-1.644788026270866,-1.1906916694765612,-0.16286735762255852,-0.5347505512109125,-1.0987972149572356,0.6118780883481096
College of St. Scholastica,Yes,672,596,278,29,60,1350,275,11844,3696,450,1146,54.0,76,11.6,33,8996,72,5.185406463214636,Medium,1,1,-0.7135567594967273,-0.5319590398731038,0.3133361961439693,-0.33669286429548506,-0.1271125978628815,0.45874587891499813,-0.6142542984789047,-0.10248534139796428,-1.2138296794549612,-0.4230962065588109,-0.5968513856813783,0.8739402534841448,0.17143550280776754,0.3581403891754813,0.952165089306611
College of the Holy Cross,Yes,2994,1691,659,70,95,2675,22,18000,6300,400,900,92.0,96,11.3,55,12138,95,6.066961657427035,High,2,1,0.35842441659008495,0.4029139018785791,1.9228546444162873,0.36255198158894364,-1.5075173179698154,1.6654316324864533,-1.0385747644227592,-0.5948985251698033,1.3709352724803292,1.2632379969775114,-0.6789541283407586,2.1136198006949316,0.8705549437053133,1.8150779933081982,-1.238911670204684
College of William and Mary,No,7117,3106,1217,68,88,5186,134,11720,4298,600,800,89.0,92,12.1,31,9534,93,6.535657630178863,Medium,1,0,0.9486661738173139,0.9959756545379427,1.8639323064397797,0.9467081108511695,-0.5557012352251401,0.4305803870247933,0.4496014388117547,-0.8317407990918487,1.1176527018812943,0.8746535950171559,-0.4618260387652622,0.7420738947418721,0.3160141321194013,0.3581403891754813,-2.1121658270017574
College of Wooster,Yes,2100,1883,553,29,65,1704,1,16240,4690,500,500,84.0,96,11.1,43,14140,69,5.866288291979436,High,2,1,0.46464184637523526,0.22285368723670346,0.3133361961439693,-0.08673101533214603,-2.789154165730728,1.3525342105578795,-0.2291946039516519,-1.7565250579131293,0.7142803580969322,1.2632379969775114,-0.7341609556836695,1.4783988095896108,1.1854733498146888,1.8150779933081982,1.0185684362278289
Colorado College,Yes,3207,1577,490,56,87,1892,7,17142,4190,450,1200,85.0,97,11.3,51,14664,84,6.105251069657039,High,2,1,0.28906701720380656,0.09580973309508299,1.4803479884652577,0.021520290421845334,-2.028489116527091,1.5155334155388727,-0.6142542984789047,-0.007652219826546156,0.7930785944456105,1.3645882269351624,-0.6789541283407586,1.9107498885325442,1.2567633181032165,1.8150779933081982,-1.7358834217545331
Colorado State University,No,9478,6312,2194,29,65,15646,1829,8412,4180,470,1800,87.0,89,19.2,10,7850,59,6.684342914778806,Low,0,0,1.6064183323484174,1.5155197543288474,0.3133361961439693,1.7510429714373625,1.1597468245537128,-0.4067939258333332,-0.4559627311617417,0.8415717373961816,0.9534892875353681,0.6005650532112241,1.2669625914791942,-1.060970526681064,-0.18616967120843989,-1.0987972149572356,-0.5507438208631656
Columbia College MO,Yes,314,158,132,10,28,690,5346,8294,3700,400,900,87.0,87,15.3,2,5015,37,4.698272897845559,Low,0,1,-2.1951020383390736,-1.4444518445039682,-1.204141438433242,-1.1326827264257686,2.002397256363111,-0.44039181156896395,-1.0385747644227592,-0.5948985251698033,0.9534892875353681,0.4259346495311623,0.35589122750062535,-2.329357208369601,-1.5670561942488435,-1.0987972149572356,-1.6580115232056327
Columbia College,Yes,737,614,242,21,67,968,237,10425,3975,500,1500,61.0,77,14.7,34,8693,76,5.242705187939603,Medium,1,1,-0.681887171133075,-0.6940582870642226,-0.1910995085854955,-0.7165718278770373,-0.21828095609480486,0.12399383168105445,-0.2291946039516519,0.4565508868862346,-0.8393382257670974,-0.35347352257287784,0.20805976907672294,0.9383237726310382,0.08399334252569952,0.3581403891754813,0.5862181936499964
Columbia University,Yes,6756,1930,871,78,96,3376,55,18624,6664,550,300,97.0,98,5.9,21,30639,99,6.508306857727372,High,2,1,0.4888798789247786,0.6795035497099638,2.1467210811345456,0.5776381223704762,-1.0460501389834256,1.7715240845656424,0.12366360001576755,-2.7257704669587155,1.8118434631329363,1.467641878959388,-2.3461430732055244,0.004942020606680277,2.435127958692417,1.8150779933081982,-3.137596996827051
Concordia College at St. Paul,Yes,281,266,139,13,29,1049,181,10500,3750,450,950,69.0,75,12.8,18,6955,45,4.624899976334469,Medium,1,1,-1.5975500257742916,-1.3777263776980513,-0.8676768730139961,-0.6222456463585617,-0.3801618437296193,0.1424118724317926,-0.6142542984789047,-0.4854840926797661,-0.3551734271494861,-0.4912534379026085,-0.27638263533977875,-0.2501326687269887,-0.5267917223186922,0.3581403891754813,1.3583603739410066
Concordia Lutheran College,Yes,232,216,106,16,34,534,172,6900,3800,450,1825,67.0,76,12.1,9,6875,42,4.496878667254673,Low,0,1,-1.8338275322797444,-1.733685230873371,-0.5849046607537621,-1.4688665677704165,-0.410308297691809,-0.8634700462138201,-0.6142542984789047,0.8709122317393979,-0.48183437398018664,-0.4230962065588109,-0.4618260387652622,-1.18236541463741,-0.5605315189733038,-1.0987972149572356,1.252348427995887
Concordia University CA,Yes,688,497,144,30,75,641,101,10800,4440,570,1515,55.0,60,13.1,13,8415,55,5.200045809031356,Medium,1,1,-0.9083204915153344,-1.3323953511759705,0.3687770077049723,-1.2273816009701404,-0.7160770609235252,0.2152318024408838,0.25701902020397893,0.47742975269760685,-1.1631383334388996,-1.3460179845367914,-0.1981197138629203,-0.7285459060471434,-0.0004732569483559443,0.3581403891754813,-0.16695541290365912
Concordia University,Yes,528,403,186,22,56,1168,145,9216,4191,400,1000,56.0,64,12.1,13,7309,75,5.033915237981139,Medium,1,1,-1.1361716304856115,-1.0113347037556053,-0.12094221917214974,-0.49868113745341497,-0.5101423269626915,-0.18572935851873712,-1.0385747644227592,-0.38127720177114266,-1.1115113391571876,-1.1477182127095475,-0.4618260387652622,-0.7285459060471434,-0.3843871007626564,0.3581403891754813,0.11108056760492445
Connecticut College,Yes,3035,1546,438,42,93,1630,232,18740,6300,600,500,75.0,95,10.7,40,14773,91,6.074554524435973,High,2,1,0.26927710876950467,-0.024152804816164396,0.9459121453121655,-0.13340928651471148,-0.23124356768754165,1.7909879226128143,0.4496014388117547,-1.7565250579131293,0.0472975055627926,1.1635803366973685,-0.845749676894635,1.3055390172857926,1.2711007922851891,1.8150779933081982,-1.6157983130368994
Converse College,Yes,440,407,149,35,70,643,80,12050,3700,500,900,63.0,76,10.2,31,10965,75,4.917608302529796,Medium,1,1,-1.1253634063193592,-1.2888444879992527,0.6270233788095004,-1.2233456581650797,-0.844973801065171,0.505111778374698,-0.2291946039516519,-0.5948985251698033,-0.7239160936184083,-0.4230962065588109,-0.9875453814266576,0.7420738947418721,0.6459771420828389,0.3581403891754813,1.211300101682098
Cornell College,Yes,1538,1329,383,33,68,1140,10,15248,4323,550,800,71.0,76,12.2,31,10340,64,5.685745980883667,High,2,1,0.11762091692301774,-0.17037589417541857,0.5272445442404738,-0.5263297844880812,-1.8724965554839514,1.1662499008712452,0.12366360001576755,-0.8317407990918487,-0.2247648828620271,-0.4230962065588109,-0.43508339754859504,0.7420738947418721,0.5105421052147793,1.8150779933081982,0.7971031965388511
Creighton University,Yes,2967,2836,876,30,60,3450,644,10628,4372,650,2055,85.0,90,6.5,32,22906,85,6.061900309639246,Medium,1,1,0.8619543866720845,0.6850568445229341,0.3687770077049723,0.5971234379331368,0.4211230009713984,0.17364672686546687,0.7526774067369608,1.1246396100682514,0.7930785944456105,0.6902976719925955,-2.1376362729688485,0.808539510579746,2.0252747291992,0.3581403891754813,1.4211349399703497
Culver-Stockton College,Yes,1576,1110,274,24,55,992,112,8000,3700,400,500,51.0,52,14.1,28,5807,51,5.700042403430177,Low,0,1,-0.0650174024304888,-0.5487381704008443,0.012544204192919739,-0.6876485561141074,-0.6579534341426623,-0.5254906116708954,-1.0385747644227592,-1.7565250579131293,-1.3602908492103485,-1.6826681864267155,0.0578612934555406,0.5357515534995189,-1.0777564012720815,-1.0987972149572356,-0.2898660653452505
Cumberland College,Yes,995,789,398,26,47,1306,122,6230,3526,400,600,42.0,44,13.0,4,8189,63,5.426340307383495,Low,0,1,-0.4175468895790092,-0.12820404698581736,0.13799295441079093,-0.3733069128542516,-0.6094184943270222,-1.0870474873256954,-1.0385747644227592,-1.4016057556008417,-1.749184136414518,-1.9451356052056121,-0.22412911897517096,-1.9198799308640517,-0.07237775097556182,-1.0987972149572356,0.31315800712503583
D'Youville College,Yes,866,619,157,18,47,1074,336,8920,4310,680,1320,68.0,68,14.6,42,6898,46,5.341885318644312,Medium,1,1,-0.6732660492022743,-1.2225555821189287,-0.41769469988544683,-0.5949128357558989,-0.0021552485639602073,-0.26558507911415014,0.9249045664240839,0.18968183158858168,-0.4189723100864871,-0.9283307329438812,0.18319470580243435,1.4214971999277994,-0.5507695367467623,0.3581403891754813,-0.21867407421586016
Dana College,Yes,504,482,185,10,36,550,84,9130,3322,450,1450,46.0,51,12.6,25,8686,54,5.004385563387909,Medium,1,1,-0.9414206021167374,-1.0179681980351356,-1.204141438433242,-1.429173691855813,-0.8182388420878753,-0.20875484710447237,-0.6142542984789047,0.3855304303319002,-1.5856896657426467,-1.7193887069886764,-0.32895477682173246,0.31770887154146105,0.08191777926244911,0.3581403891754813,1.4245466222827587
Daniel Webster College,Yes,585,508,153,12,30,460,536,12292,4934,500,500,61.0,61,22.2,10,8643,72,5.098637620406266,Medium,1,1,-0.8847188749611933,-1.2552002491538736,-0.9727316677869278,-1.6733950212522215,0.2989258143745879,0.5589200334520982,-0.2291946039516519,-1.7565250579131293,-0.8393382257670974,-1.2983753500580535,1.9193527444940255,-1.060970526681064,0.06911105656858044,0.3581403891754813,0.8261274671015468
Dartmouth College,Yes,8587,2273,1087,87,99,3918,32,19545,6070,550,1100,75.0,99,4.7,49,29619,98,6.633455369685041,High,2,1,0.6486593962387903,0.8909087112007676,2.379000709104455,0.7095946834607327,-1.323847012672887,1.923927117956586,0.12366360001576755,-0.18659120673062196,0.0472975055627926,1.572409762644023,-2.789815544024715,1.806191872967965,2.3906785296888304,1.8150779933081982,-3.2802379613299735
Davidson College,Yes,2373,956,452,77,96,1601,6,17295,5070,600,1011,95.0,97,12.0,46,17581,94,5.936024440637781,High,2,1,-0.21824317865754045,0.009699901680342994,2.1197004682084537,-0.15241187603064701,-2.0942242543239864,1.5426189300141848,0.4496014388117547,-0.35900044788854046,1.632664244935875,1.3645882269351624,-0.48865480430561903,1.6450848531462385,1.5919460065675262,1.8150779933081982,-2.3404118309344684
Defiance College,Yes,571,461,174,10,26,645,283,10850,3670,400,1159,58.0,60,12.8,19,7505,56,5.083388385208976,Medium,1,1,-0.9896593149135585,-1.0937862971100665,-1.204141438433242,-1.219324988318777,-0.10937808900060501,0.22723878076167214,-1.0385747644227592,-0.07928282794576684,-1.0054500100654609,-1.3460179845367914,-0.27638263533977875,-0.16286735762255852,-0.310032241474104,0.3581403891754813,0.41104772956565777
Delta State University,No,967,945,459,15,48,2806,538,4528,1880,500,1200,49.0,63,17.1,16,5113,58,5.4090489689814,Low,0,0,-0.23018211593274765,0.026175728000500234,-0.6744109272506593,0.4076345259434109,0.3013831459239031,-1.7370978529197951,-0.2291946039516519,-0.007652219826546156,-1.4532552942898984,-1.199238322126377,0.7864078276084665,-0.4323290036172367,-1.5002259289848494,-1.0987972149572356,1.5667146912706458
Denison University,Yes,2762,2279,533,32,60,1835,14,16900,4720,500,600,88.0,97,11.6,45,12423,81,6.021780950364581,High,2,1,0.6512195730190387,0.18441133317132977,0.4756588429698257,-0.009864429939377596,-1.7202136946368183,1.4723661123632086,-0.2291946039516519,-1.4016057556008417,1.0351018728628827,1.3645882269351624,-0.5968513856813783,1.590170069482996,0.920125897638135,1.8150779933081982,0.5319326793254094
DePauw University,Yes,1994,1656,495,50,80,1983,36,14300,5020,550,950,78.0,94,11.1,31,11525,82,5.8365471534807085,Medium,1,1,0.33767588459310716,0.1065642641102416,1.2651043449994013,0.06930973279957552,-1.264692158327937,0.9806324705923506,0.12366360001576755,-0.4854840926797661,0.2611863106631819,1.0656043502924986,-0.7341609556836695,0.7420738947418721,0.7575897571055347,0.3581403891754813,0.5684253181280785
Dickinson College,Yes,3014,2539,487,31,68,1889,62,18700,5000,595,1250,87.0,94,11.2,39,13861,87,6.0706793365232175,High,2,1,0.7557368798042082,0.08929607681643464,0.42285937607467217,0.019897344884858746,-0.9825675695179338,1.7842852180989537,0.4180956600883188,0.07669669114387034,0.9534892875353681,1.0656043502924986,-0.7065095991630403,1.2464286838639715,1.1458296222053972,1.8150779933081982,0.6494450552535862
Dickinson State University,No,434,412,319,10,30,1376,237,4486,2146,600,2000,50.0,64,16.5,28,4525,46,4.908786874758029,Low,0,0,-1.1120117354401222,-0.37453302440042296,-1.204141438433242,-0.3157343147978096,-0.21828095609480486,-1.7550331807304491,0.4496014388117547,1.066451766681205,-1.407240633156519,-1.1477182127095475,0.6449537276656453,0.5357515534995189,-1.9341096738781471,-1.0987972149572356,1.3766554069579884
Dillard University,Yes,1998,1376,651,41,88,1539,45,6700,3650,500,2307,52.0,52,14.1,12,7566,61,5.837699965722269,Low,0,1,0.15261007609652555,0.39052938603291865,0.9029060992795955,-0.19448364470228294,-1.1507160945452137,-0.9286569732347445,-0.2291946039516519,1.374059763805698,-1.3124058333016602,-1.6826681864267155,0.0578612934555406,-0.8347120348951067,-0.28749933846352815,-1.0987972149572356,-0.3961589310724117
Doane College,Yes,793,709,244,20,47,1022,411,9570,3000,400,1000,67.0,72,15.1,42,6852,60,5.287881260162279,Medium,1,1,-0.529682045856627,-0.6843415439833753,-0.2637884142137955,-0.6526714454880239,0.12603424105220834,-0.0924086554972805,-1.0385747644227592,-0.38127720177114266,-0.48183437398018664,-0.6870519494859656,0.30686892312721825,1.4214971999277994,-0.5703440020070553,0.3581403891754813,1.0009265049786218
Dominican College of Blauvelt,Yes,360,329,108,4,19,756,863,8310,5500,600,1800,43.0,43,12.7,5,5480,54,4.7877995738104495,Low,0,1,-1.3598281175435543,-1.7086581947167692,-2.216819485276005,-1.017346534614075,0.6206251539915161,-0.43581784081008285,0.4496014388117547,0.8415717373961816,-1.7097120825000167,-1.973085139428777,-0.3026284436876273,-1.7484034784636024,-1.2665258077667991,-1.0987972149572356,1.135719056405914
Dordt College,Yes,604,562,328,25,50,1048,56,9800,2650,450,2800,61.0,60,12.5,17,7325,87,5.118718262914657,Medium,1,1,-0.7762683419391355,-0.34309674714668065,0.07620224590010687,-0.6233554353029339,-1.0365500942946195,-0.03298609131842826,-0.6142542984789047,1.7964834857726062,-0.8393382257670974,-1.3460179845367914,-0.3553625238528725,-0.3398815888114029,-0.3782024853473843,0.3581403891754813,1.2484649534155856
Dowling College,Yes,1011,829,410,9,33,1059,2458,9000,3100,450,1413,77.0,78,12.4,7,11178,42,5.435988261101466,Medium,1,1,-0.3659562440062048,-0.09576552890014768,-1.3330274833513371,-0.611218195855224,1.3831200202033813,-0.2438328726773592,-0.6142542984789047,0.3315001806128366,0.18895256078278097,-0.28237352323745246,-0.3818525909118415,-1.4463049754933548,0.6894452340129115,0.3581403891754813,0.49692465816291687
Drake University,Yes,2799,2573,839,34,65,3322,726,13420,4770,560,1675,88.0,93,15.0,24,9473,77,6.029253508118496,Medium,1,1,0.7685522355922434,0.6430688362341495,0.5776799288914052,0.5630875443092337,0.502111266263199,0.8009475046732774,0.19086001172443917,0.6889587036963638,1.0351018728628827,0.9692990979140862,0.2822630870249347,0.24207061628816592,0.3002601430944219,0.3581403891754813,1.1722336932314659
Drew University,Yes,2153,1580,321,56,84,1192,87,18432,5616,520,660,93.0,97,10.2,28,14907,83,5.880560560623633,High,2,1,0.2909600574839641,-0.3674595188886689,1.4803479884652577,-0.47561770960799654,-0.798930428101034,1.7391323138793,-0.08451552985556106,-1.214151310006244,1.4572396942508257,1.3645882269351624,-0.9875453814266576,0.5357515534995189,1.2885046737822476,1.8150779933081982,-0.08889222026650115
Drury College,Yes,700,650,314,33,66,1065,48,8730,3523,500,750,82.0,92,13.2,35,9303,67,5.210787634810409,Low,0,1,-0.6214236119174104,-0.39244292726749413,0.5272445442404738,-0.6046624720025029,-1.1172801877673058,-0.31776530316597534,-0.2291946039516519,-0.9606431574678065,0.5594977786457802,0.8746535950171559,-0.17218743851993448,1.0017342937327451,0.2555176052756586,-1.0987972149572356,1.2355940090923
Duke University,Yes,13789,3893,1583,90,98,6188,53,18590,5950,625,1162,95.0,96,5.0,44,27206,97,6.874289285102055,High,2,1,1.1616628977217351,1.23358270239514,2.452443922292768,1.0887936142976542,-1.065526666446129,1.7658040795405283,0.6037806420075298,-0.07396263422242712,1.632664244935875,1.2632379969775114,-2.675124926388998,1.5346153654579844,2.275453721222109,1.8150779933081982,-3.1603540929596794
Earlham College,Yes,1358,1006,274,35,63,1028,13,15036,4056,600,600,90.0,94,10.6,46,14634,78,5.612441789214537,Medium,1,1,-0.1657653293668538,-0.5487381704008443,0.6270233788095004,-0.6458261345286401,-1.7541900886425583,1.1254133150689962,0.4496014388117547,-1.4016057556008417,1.2011418370759805,1.0656043502924986,-0.8738990280930917,1.6450848531462385,1.2527883447281278,0.3581403891754813,-0.04171452484614977
East Carolina University,No,9274,6362,2435,14,44,13171,1687,7248,3240,500,1700,74.0,78,13.2,18,9002,58,6.67315879231067,Low,0,0,1.6135570573611813,1.6026083359624492,-0.7684736752694478,1.638049453792889,1.0997990462491596,-0.7529427077266194,-0.2291946039516519,0.720306207993199,-0.022123945179242006,-0.28237352323745246,-0.17218743851993448,-0.2501326687269887,0.17312107083464065,-1.0987972149572356,-0.4144217769264583
East Tennessee State University,No,3330,2730,1303,15,36,6706,2640,5800,3000,600,2200,73.0,75,14.0,9,9825,42,6.126138589510679,Low,0,0,0.8254705567875624,1.0586036376434789,-0.6744109272506593,1.1516576654538933,1.4380873473740727,-1.2389903799716606,0.4496014388117547,1.2713984993834921,-0.09060810988813835,-0.4912534379026085,0.03258838544133381,-1.18236541463741,0.38908148805462617,-1.0987972149572356,0.4958335852501155
East Texas Baptist University,Yes,379,341,265,10,36,1050,151,4950,2780,530,1500,75.0,62,15.7,7,5619,38,4.821250591772475,Low,0,1,-1.3201059213803492,-0.5875470383187643,-1.204141438433242,-0.621137146238656,-0.486589626283788,-1.5626738743393254,-0.013985659609939928,0.4565508868862346,0.0472975055627926,-1.2494530951634284,0.4531942340637835,-1.4463049754933548,-1.1842152031968562,-1.0987972149572356,1.0394479492632291
Eastern College,Yes,458,369,165,16,42,1057,355,11190,4800,450,1230,60.0,60,13.6,22,8135,54,4.943317956739173,Medium,1,1,-1.232952891624604,-1.16005292130857,-0.5849046607537621,-0.6134135048771966,0.03258888578078365,0.30793760446468404,-0.6142542984789047,0.043338678855853185,-0.8956449178437978,-1.3460179845367914,-0.06921364143108587,0.08579840488433134,-0.09001309276925237,0.3581403891754813,0.3996289855447415
Eastern Connecticut State University,No,2172,1493,564,14,50,2766,1531,5962,4316,650,500,71.0,76,16.9,14,5719,50,5.8855854627032445,Low,0,0,0.23443927133921885,0.24331956598723925,-0.7684736752694478,0.39414556952304675,1.0284544932615285,-1.1809047034307898,0.7526774067369608,-1.7565250579131293,-0.2247648828620271,-0.4230962065588109,0.7394742565334033,-0.6263490551654358,-1.126916102351235,-1.0987972149572356,-0.4050276939134155
Eastern Illinois University,No,5597,4253,1565,12,38,9161,845,5710,3066,120,1730,62.0,71,16.2,5,5682,76,6.408554224365938,Low,0,0,1.244173674644461,1.2234464235369678,-0.9727316677869278,1.3853860411860022,0.6060656891712533,-1.2717218542471183,-5.026053121682205,0.7573646257011469,-0.7820953142680762,-0.7494672137091747,0.5734771377015533,-1.7484034784636024,-1.1479354284120378,-1.0987972149572356,0.08804652988751603
Eastern Mennonite College,Yes,486,440,227,19,48,903,59,9650,3800,600,1300,46.0,65,11.4,29,10188,82,4.981230626114207,Medium,1,1,-1.0403069030295402,-0.7700207143202807,-0.3392340437249904,-0.7995105832565478,-1.0089401426438158,-0.07163457522029776,0.4496014388117547,0.15797762173098692,-1.5856896657426467,-1.094880026424442,-0.6514933665420364,0.605737985971725,0.4756801726046155,0.3581403891754813,1.0776336234621802
Eastern Nazarene College,Yes,516,409,200,17,40,1238,30,8770,3500,450,700,58.0,58,17.3,17,6430,70,5.019334593646747,Low,0,1,-1.120001804241068,-0.9225677402831564,-0.4994689411839057,-0.43295515514994853,-1.3559697713457746,-0.30671844717991764,-0.6142542984789047,-1.09776212520345,-1.0054500100654609,-1.4375163915219222,0.8331283179455142,-0.3398815888114029,-0.759893981196428,-1.0987972149572356,0.3109189285954679
Eckerd College,Yes,1422,1109,366,33,65,1363,23,15360,4080,600,1000,82.0,89,12.8,26,15003,59,5.6396402545555775,High,2,1,-0.06593731434942753,-0.22053657570559232,0.5272445442404738,-0.3261526729691661,-1.4860814376784817,1.1876735060776515,0.4496014388117547,-0.38127720177114266,0.5594977786457802,0.6005650532112241,-0.27638263533977875,0.3918121831278882,1.300825474652939,1.8150779933081982,0.2242020831542184
Elizabethtown College,Yes,2417,1843,426,36,70,1476,299,14190,4400,500,750,65.0,68,12.8,25,9815,81,5.946453871334605,Medium,1,1,0.4434986379184049,-0.05417819137896447,0.675328745331237,-0.23940508438757557,-0.07522454097749387,0.9585764922158636,-0.2291946039516519,-0.9606431574678065,-0.6047483730462211,-0.9283307329438812,-0.27638263533977875,0.31770887154146105,0.3866261378411287,0.3581403891754813,0.10603285279999924
Elmira College,Yes,1457,1045,345,27,50,1109,502,14990,4980,450,550,77.0,98,21.5,21,7502,64,5.653964384281851,Medium,1,1,-0.12673292875799003,-0.2863447083092569,0.19803987368047105,-0.5579230498577619,0.25583455751090806,1.116502677554239,-0.6142542984789047,-1.5715860927236946,0.18895256078278097,1.467641878959388,1.7703640987717493,0.004942020606680277,-0.3111477027023611,0.3581403891754813,-0.2020317266026955
Elms College,Yes,245,208,125,23,46,544,436,11800,4765,450,1700,71.0,71,11.3,21,8952,86,4.533486423854942,Medium,1,1,-1.8770192465244457,-1.5153892912146503,-0.053119072030679164,-1.443891593616183,0.16408930983399242,0.44877394394675324,-0.6142542984789047,0.720306207993199,-0.2247648828620271,-0.7494672137091747,-0.6789541283407586,0.004942020606680277,0.15902147165047859,0.3581403891754813,0.694186929664943
Elon College,Yes,3624,2786,858,11,39,2933,334,9100,3883,490,1777,70.0,74,18.9,34,6329,63,6.1728851412224,Medium,1,1,0.8449300266633768,0.6648911758805712,-1.0845174670653988,0.4489559122187346,-0.005914869171841798,-0.21682050591119023,-0.3034345775074199,0.8142433155553916,-0.2904376445599966,-0.5579571392876599,1.1996123641074883,0.9383237726310382,-0.8081301624362784,0.3581403891754813,0.1485355031214553
Embry Riddle Aeronautical University,Yes,3151,2584,958,14,40,4772,856,7800,3750,570,3020,37.0,43,16.5,4,12878,44,6.0954548015400505,Low,0,1,0.7726596500721393,0.7712371727618419,-0.7684736752694478,0.8778620626670992,0.6149959535553727,-0.5845619581984869,0.25701902020397893,1.9631120966190065,-1.9325346743110978,-1.973085139428777,0.6449537276656453,-1.9198799308640517,0.9957332416379375,-1.0987972149572356,0.49744780298226204
Emory & Henry College,Yes,765,646,226,30,60,809,32,8578,4408,700,1600,79.0,88,13.9,51,8061,82,5.265736774982787,Low,0,1,-0.6279626499119497,-0.7752895170109221,0.3687770077049723,-0.9332751312785158,-1.323847012672887,-0.36004924784599646,1.0360807080301793,0.5922469197789686,0.3343576374315665,0.5124477851823425,0.007245147886748601,1.9107498885325442,-0.1144754144435297,-1.0987972149572356,0.6633375234297663
Emory University,Yes,8506,4168,1236,76,97,5544,192,17600,6000,600,870,97.0,98,5.0,28,28457,96,6.628550833120598,High,2,1,1.2253842352680235,1.0102423501068332,2.092417481864056,1.0010473945259881,-0.3450992073195937,1.5961468624002662,0.4496014388117547,-0.6632809494242876,1.8118434631329363,1.467641878959388,-2.675124926388998,0.5357515534995189,2.337072970250598,1.8150779933081982,-1.7476498385568986
Emporia State University,No,1256,1256,853,43,79,3957,588,5401,3144,450,1888,72.0,75,19.3,4,5527,50,5.566117428557185,Low,0,0,0.06056408435781495,0.6592028941647026,0.9881629366230471,0.718221396128843,0.36028690596352597,-1.386749846679481,-0.6142542984789047,0.9432314873872767,-0.1581550637201262,-0.4912534379026085,1.2893215220075742,-1.9198799308640517,-1.2383371159666898,-1.0987972149572356,1.7214721572963376
Erskine College,Yes,659,557,167,47,74,532,35,10485,3840,475,1246,76.0,80,13.5,47,7527,67,5.173233953627258,Medium,1,1,-0.7858317239275707,-1.1449724819271094,1.1501937769220463,-1.473929997796244,-1.2789032854925582,0.13873519495560938,-0.41730816701513446,0.07006481891698788,0.1176563164912192,-0.1356944211524122,-0.09484535878691201,1.6993804724452455,-0.30187315452133445,0.3581403891754813,0.6686132868329593
Eureka College,Yes,560,454,113,36,56,484,16,10955,3450,330,670,62.0,87,10.6,31,9552,53,5.071122737318803,Medium,1,1,-1.0062628444274286,-1.6483602351139295,0.675328745331237,-1.6029104980940039,-1.658361763019646,0.2523356229466301,-1.71791435236204,-1.1844539612578335,-0.7820953142680762,0.4259346495311623,-0.8738990280930917,0.7420738947418721,0.32063317755768067,0.3581403891754813,0.4338950645556372
Evergreen State College,No,1801,1101,438,14,50,3065,363,6297,4600,600,1323,75.0,78,18.1,14,8355,68,5.77776431495564,Low,0,0,-0.07332869224485909,-0.024152804816164396,-0.7684736752694478,0.48965425628067955,0.04671874992599422,-1.0639992251026387,0.4496014388117547,0.19439905276860778,0.0472975055627926,-0.28237352323745246,1.0179463816947247,-0.6263490551654358,-0.019270165157907596,-1.0987972149572356,-0.9223956119427357
Fairfield University,Yes,4784,3346,781,30,66,2984,1037,15000,6200,700,1100,86.0,90,15.1,30,11220,94,6.324312250723763,Medium,1,1,1.019229849254534,0.5727543710105893,0.3687770077049723,0.46494009280422266,0.7487868149099581,1.1184412991582744,1.0360807080301793,-0.18659120673062196,0.8728148827034736,0.6902976719925955,0.30686892312721825,0.6744919519989533,0.6978658765736995,0.3581403891754813,-0.3231973409569415
Fayetteville State University,No,1455,1064,452,1,16,2632,617,6806,2550,350,766,75.0,75,15.1,10,6972,24,5.653155853412468,Low,0,0,-0.10827764340973488,0.009699901680342994,-3.3612688093227097,0.3471638909019997,0.39241310921738526,-0.8939510962294311,-1.5119094043589478,-0.9185501864797696,0.0472975055627926,-0.4912534379026085,0.30686892312721825,-1.060970526681064,-0.5196990371918849,-1.0987972149572356,-0.10649827794002223
Ferrum College,Yes,1339,1107,336,12,36,1051,82,9400,4200,500,1600,53.0,58,12.5,9,7967,22,5.604101858754478,Medium,1,1,-0.06777980173731303,-0.31597748023315525,-0.9727316677869278,-0.6200299322211624,-0.8314593967701944,-0.13693542017306337,-0.2291946039516519,0.5922469197789686,-1.2635854783881688,-1.4375163915219222,-0.3553625238528725,-1.18236541463741,-0.14605322917052554,0.3581403891754813,0.5428819964548778
Flagler College,Yes,1415,714,338,18,52,1345,44,5120,3200,500,2140,52.0,60,18.1,9,3930,69,5.636730058946749,Low,0,1,-0.522285715465435,-0.30931393098193427,-0.41769469988544683,-0.34077977642032076,-1.1623087972167596,-1.4951709333147079,-0.2291946039516519,1.2117899245837738,-1.3124058333016602,-1.3460179845367914,1.0179463816947247,-1.18236541463741,-2.4718618470582454,-1.0987972149572356,-1.6484275928622687
Florida Institute of Technology,Yes,1947,1580,523,39,74,1863,233,13900,4140,750,1500,90.0,90,10.6,7,8923,57,5.822812756055875,Medium,1,1,0.2909600574839641,0.16456100997125922,0.8144962912549331,0.005698884467260699,-0.22863103763749487,0.8998852924398955,1.3023649764046783,0.4565508868862346,1.2011418370759805,0.6902976719925955,-0.8738990280930917,-1.4463049754933548,0.15078792086873735,0.3581403891754813,0.4392729146294936
Florida International University,No,3306,2079,1071,42,89,10208,9310,6597,2494,800,3028,81.0,96,13.9,20,6722,66,6.122128674059061,Low,0,0,0.561743010690652,0.876981232537037,0.9459121453121655,1.4628083330045158,2.4745436931188647,-0.9627278894606838,1.5536080298286021,1.968957041285216,0.4835133023364041,1.2632379969775114,0.007245147886748601,-0.07789765626183243,-0.6267762699137805,-1.0987972149572356,-0.803154228017928
Florida Southern College,Yes,1381,1040,374,20,44,1506,970,8025,4865,400,650,65.0,74,17.4,10,6339,68,5.622371591425262,Low,0,1,-0.13164924037060116,-0.19660405376350004,-0.2637884142137955,-0.21772830223232523,0.7019124328284156,-0.5181751764708661,-1.0385747644227592,-1.2442682363007733,-0.6047483730462211,-0.5579571392876599,0.8564097284492161,-1.060970526681064,-0.8033014820882727,-1.0987972149572356,0.04183256314277036
Florida State University,No,11651,8683,3023,50,90,18906,3242,6680,4060,600,1020,80.0,89,23.1,15,7250,58,6.789568131422069,Low,0,0,1.8918774070322664,1.7789714461698511,1.2651043449994013,1.870418370751503,1.5983343951762778,-0.9352456267250219,0.4496014388117547,-0.3409403116863961,0.4084666114840554,0.6005650532112241,2.1082507547381426,-0.5277223720549751,-0.4073745513980457,-1.0987972149572356,-0.011358399237365525
Fontbonne College,Yes,291,245,126,16,49,981,337,8390,4100,350,1500,45.0,55,21.5,24,4607,62,4.648070832307536,Low,0,1,-1.6904642263742868,-1.5049785800313094,-0.5849046607537621,-0.7007979582614879,-0.00028299503473837014,-0.4130343485689788,-1.5119094043589478,0.4565508868862346,-1.6279649723564091,-1.5654940694465738,1.7703640987717493,0.24207061628816592,-1.868510571332382,-1.0987972149572356,0.6461954306867144
Fordham University,Yes,4200,2874,942,30,55,4740,1646,14235,6965,600,1735,86.0,97,14.4,14,10864,80,6.253700119378282,Medium,1,1,0.8746796566217401,0.7551063211662011,0.3687770077049723,0.872239304664806,1.0816436938410687,0.9676129215119171,0.4496014388117547,0.7634831066588156,0.8728148827034736,1.3645882269351624,0.1332649014169342,-0.6263490551654358,0.6249074219775388,0.3581403891754813,-0.42610925776550956
Fort Lewis College,No,3440,2823,1123,16,35,3793,486,6198,3320,500,2500,89.0,97,19.1,6,4362,46,6.1441290789540695,Low,0,0,0.8575591078997461,0.9213992760163758,-0.5849046607537621,0.6812234447459482,0.23463867832854768,-1.0981130973723547,-0.2291946039516519,1.5485627320659785,1.1176527018812943,1.3645882269351624,1.244558309119232,-1.5915826153084158,-2.0701164426365795,-1.0987972149572356,0.5014095281723612
Francis Marion University,No,1801,1655,819,13,38,3224,436,5840,3138,400,2430,76.0,76,19.1,8,5039,43,5.77776431495564,Low,0,0,0.3370761995671029,0.6194734098697167,-0.8676768730139961,0.5359296888729641,0.16408930983399242,-1.2245501271253267,-1.0385747644227592,1.4867608569454278,0.1176563164912192,-0.4230962065588109,1.244558309119232,-1.310419180097965,-1.5505043844885629,-1.0987972149572356,1.170036879712188
Franciscan University of Steubenville,Yes,553,452,228,22,49,1301,242,9650,4400,600,1000,57.0,69,14.9,8,6336,83,5.063181989098444,Medium,1,1,-1.0110570163081178,-0.764778615540465,-0.12094221917214974,-0.3775625995999147,-0.2055624924000638,-0.07163457522029776,0.4496014388117547,-0.38127720177114266,-1.0589485972397998,-0.8700943318940553,0.25759334859915606,-1.310419180097965,-0.8047488519335877,0.3581403891754813,0.4791001834075318
Franklin College,Yes,804,632,281,29,72,840,68,10390,4040,525,1345,54.0,78,12.5,37,11751,60,5.296352307264919,Medium,1,1,-0.6511950387556509,-0.5195564018753435,0.3133361961439693,-0.8871538761426645,-0.9331033091060889,0.11536894877650877,-0.0491042890162079,0.22869245578463554,-1.2138296794549612,-0.28237352323745246,-0.3553625238528725,1.1257980885897985,0.8002943200091462,0.3581403891754813,0.26625501690414494
Franklin Pierce College,Yes,5187,4471,446,3,14,1818,1197,13320,4630,500,800,50.0,56,17.6,16,6418,51,6.367842406231257,Medium,1,1,1.2905847113447315,-0.004658217502408389,-2.4887995845903816,-0.019455506725603946,0.8505387244489486,0.7800439559719657,-0.2291946039516519,-0.8317407990918487,-1.407240633156519,-1.5240531582747878,0.9028169700855416,-0.4323290036172367,-0.7655636679883743,0.3581403891754813,0.7825011610369825
Freed-Hardeman University,Yes,895,548,314,20,54,1174,50,5500,3340,600,1600,68.0,76,16.1,13,6078,62,5.361996367775896,Low,0,1,-0.8032793934990899,-0.39244292726749413,-0.2637884142137955,-0.49286147223878307,-1.0960209047484508,-1.3494360195153279,0.4496014388117547,0.5922469197789686,-0.4189723100864871,-0.4230962065588109,0.5495374102901839,-0.7285459060471434,-0.9333182452525298,-1.0987972149572356,-0.9158418583184285
Fresno Pacific College,Yes,346,274,146,51,87,704,63,9900,3670,630,1818,59.0,59,10.5,14,8095,54,4.761916010937996,Medium,1,1,-1.5642007556644464,-1.31476876033242,1.3022664532279355,-1.1071234222155613,-0.9740319705249556,-0.007435867506012867,0.6339700077405097,0.8627345908343734,-0.9510154817010009,-1.392393977623881,-0.9021518863751777,-0.6263490551654358,-0.1031931424001553,0.3581403891754813,0.3059658758233024
Furman University,Yes,2161,1951,685,56,82,2371,175,13440,4048,600,1250,92.0,95,13.5,28,12940,82,5.882682084310576,Medium,1,1,0.4995064058348677,0.4419968842653029,1.4803479884652577,0.24667805738813298,-0.4001047041054975,0.8051159245144573,0.4496014388117547,0.07669669114387034,1.3709352724803292,1.1635803366973685,-0.09484535878691201,0.5357515534995189,1.005717244695228,0.3581403891754813,1.060444042664282
Gannon University,Yes,2464,1908,678,24,57,2693,691,10970,4280,500,1380,47.0,51,13.3,18,7711,65,5.957371770796233,Medium,1,1,0.477613907418571,0.4316450364297553,0.012544204192919739,0.36890423831542646,0.4686066011038409,0.2559079680595297,-0.2291946039516519,0.2821942160312559,-1.5424796957691627,-1.7193887069886764,-0.14633148248231995,-0.2501326687269887,-0.2350448654266664,0.3581403891754813,0.18653891637903586
Gardner Webb University,Yes,1110,930,332,18,36,1603,374,8180,4270,500,500,65.0,58,15.2,12,5664,29,5.492263814800747,Low,0,1,-0.24670415504880186,-0.3294428945975749,-0.41769469988544683,-0.15108792646219787,0.06569588827966892,-0.4731503524789698,-0.2291946039516519,-1.7565250579131293,-0.6047483730462211,-1.4375163915219222,0.33141144399481504,-0.8347120348951067,-1.1582375455587726,-1.0987972149572356,0.6183974424547386
Geneva College,Yes,668,534,237,19,39,1306,258,9476,4820,500,1100,67.0,67,20.1,26,6786,74,5.1816881742964185,Medium,1,1,-0.8310385323806211,-0.7187610041971391,-0.3392340437249904,-0.3733069128542516,-0.16639687095249697,-0.11696450190027456,-0.2291946039516519,-0.18659120673062196,-0.48183437398018664,-0.9851988400469104,1.4665986044009738,0.3918121831278882,-0.5987858574876506,0.3581403891754813,0.35694011234008816
George Fox College,Yes,809,726,294,27,52,1271,43,12500,4130,400,1050,53.0,53,13.5,22,7136,52,5.30016177093406,Medium,1,1,-0.5047581189613077,-0.4675224893215216,0.19803987368047105,-0.4035224424155571,-1.1741414143251225,0.6046150057754334,-1.0385747644227592,-0.2817874146954495,-1.2635854783881688,-1.644788026270866,-0.09484535878691201,0.08579840488433134,-0.45261885457647466,0.3581403891754813,1.0235853733493758
George Mason University,No,5653,4326,1727,17,29,9528,3822,10800,4840,580,1050,93.0,96,19.3,7,6751,46,6.413865346710501,Medium,1,0,1.2599927705752663,1.3101716860634158,-0.4994689411839057,1.4137004420427648,1.7290982563907469,0.2152318024408838,0.322174426381495,-0.2817874146954495,1.4572396942508257,1.2632379969775114,1.2893215220075742,-1.4463049754933548,-0.6140424091913025,0.3581403891754813,0.12468386128809154
George Washington University,Yes,7875,5062,1492,38,71,5471,1470,17450,6328,700,950,92.0,93,7.6,15,14745,72,6.5885379238616,High,2,1,1.4051599960267773,1.1809140728187917,0.7690207208177242,0.9903206737845082,0.9987618010283333,1.5698984641807798,1.0360807080301793,-0.4854840926797661,1.3709352724803292,0.9692990979140862,-1.773888167063639,-0.5277223720549751,1.267433378304888,1.8150779933081982,-0.7083504754111442
Georgetown College,Yes,727,693,286,30,55,1063,48,8100,3950,550,550,73.0,76,13.3,28,7508,55,5.234251308197054,Low,0,1,-0.5537305818373754,-0.49922096329722465,0.3687770077049723,-0.6068427004438893,-1.1172801877673058,-0.4963183013983417,0.12366360001576755,-1.5715860927236946,-0.09060810988813835,-0.4230962065588109,-0.14633148248231995,0.5357515534995189,-0.30891746774800577,-1.0987972149572356,1.4033456118422498
Georgetown University,Yes,11115,2881,1390,71,93,5881,406,18300,7131,670,1700,91.0,92,7.2,27,19635,95,6.765698934722374,High,2,1,0.877004156732185,1.1172859880194637,1.9518471386888567,1.048426757481755,0.11817369230171147,1.716734178427812,0.8682441954437233,0.720306207993199,1.285569340238181,0.8746535950171559,-1.9036274414904173,0.464466880638092,1.7805025396805656,1.8150779933081982,-3.317672189295535
Georgia Institute of Technology,No,7837,4527,2276,89,99,8528,654,6489,4438,795,1164,92.0,92,19.3,33,11271,70,6.586019417816416,Low,0,0,1.3021165813149544,1.5463402223139764,2.42816800768983,1.3331425782794761,0.43148156950958727,-0.9988301697961284,1.5291092798376344,-0.07042289923273956,1.3709352724803292,0.8746535950171559,1.2893215220075742,0.8739402534841448,0.708025815165428,-1.0987972149572356,-1.151514111400244
Georgia State University,No,3793,2341,1238,9,24,7732,9054,6744,2655,720,3450,87.0,89,19.0,10,7762,34,6.19794935222017,Low,0,0,0.6772603432400177,1.0117293775029423,-1.3330274833513371,1.2603055537139527,2.4501898039842005,-0.9142072820709761,1.14452306768254,2.2586464050740664,0.9534892875353681,0.6005650532112241,1.222108344767349,-1.060970526681064,-0.21695551051769307,-1.0987972149572356,-0.8825170324457349
Georgian Court College,Yes,348,281,127,12,52,1095,785,9150,3950,500,800,56.0,59,12.2,27,7348,76,4.765681757135086,Medium,1,1,-1.5358631945216155,-1.4946627369472683,-0.9727316677869278,-0.5725458726418118,0.5554281226120912,-0.2033874093771219,-0.2291946039516519,-0.8317407990918487,-1.1115113391571876,-1.392393977623881,-0.43508339754859504,0.464466880638092,-0.3693485130385374,0.3581403891754813,0.41183507966591404
Gettysburg College,Yes,3596,2466,575,42,78,1944,46,19964,4328,500,500,94.0,95,12.1,32,14720,83,6.168611618622508,High,2,1,0.7275904206043515,0.2633301416186937,0.9459121453121655,0.04916275851849311,-1.1393532694354782,1.9917016387042779,-0.2291946039516519,-1.7565250579131293,1.5444826653483823,1.1635803366973685,-0.4618260387652622,0.808539510579746,1.264149813136968,1.8150779933081982,-0.416067415725875
Goldey Beacom College,Yes,633,468,284,10,27,823,963,6120,2985,531,1830,75.0,25,27.6,4,6081,36,5.148096845248013,Low,0,1,-0.9733231768150091,-0.5073055598220004,-1.204141438433242,-0.9121840671987417,0.6968480623799264,-1.1252436803842232,-0.006996591935424735,0.8767356419746942,0.0472975055627926,-2.314801516396056,3.0128636091375527,-1.9198799308640517,-0.9317750563217706,-1.0987972149572356,-0.05163767264256866
Gonzaga University,Yes,1886,1524,526,31,67,2523,296,13000,4450,600,2400,78.0,90,14.7,32,9553,69,5.804447152899361,Medium,1,1,0.25497352128252126,0.17056176327416073,0.42285937607467217,0.306743457954411,-0.08150079528244612,0.7124516289319573,0.4496014388117547,1.4597682930680167,0.2611863106631819,0.6902976719925955,0.20805976907672294,0.808539510579746,0.3208893975381492,0.3581403891754813,0.4158356487607788
Gordon College,Yes,674,565,282,25,54,1151,39,12200,4070,400,1200,73.0,82,14.2,32,9226,66,5.187256714055607,Medium,1,1,-0.7705738776426698,-0.51545609349872,0.07620224590010687,-0.5153701039938592,-1.224097127110629,0.538546706109194,-1.0385747644227592,-0.007652219826546156,-0.09060810988813835,0.01703484187169807,0.0830645638304953,0.808539510579746,0.23483457106998767,0.3581403891754813,0.6213978929649402
Goshen College,Yes,440,396,221,26,51,910,166,9420,3730,600,1230,51.0,56,9.9,46,10270,72,4.917608302529796,Medium,1,1,-1.1553649344311454,-0.8020431444384415,0.13799295441079093,-0.7902341963389979,-0.431205973875573,-0.13166966162554308,0.4496014388117547,0.043338678855853185,-1.3602908492103485,-1.5240531582747878,-1.0739217798372556,1.6450848531462385,0.4945861329599206,0.3581403891754813,1.0412427498106847
Goucher College,Yes,1151,813,248,40,64,850,80,15588,6174,500,1200,78.0,90,9.2,34,16623,77,5.51401037129766,High,2,1,-0.3862663102441888,-0.6651807658071833,0.8591123720558882,-0.8727169131899646,-0.844973801065171,1.2309708053941073,-0.2291946039516519,-0.007652219826546156,0.2611863106631819,0.6902976719925955,-1.2795288599936459,0.9383237726310382,1.491924130472862,1.8150779933081982,-0.2760738003939378
Grace College and Seminary,Yes,548,428,167,18,46,618,113,8958,3670,300,1000,53.0,59,15.3,26,9798,64,5.057443721968951,Medium,1,1,-1.0704224129058473,-1.1449724819271094,-0.41769469988544683,-1.2749278840901759,-0.6529279200826901,-0.2552368701838875,-2.048308048513365,-0.38127720177114266,-1.2635854783881688,-1.392393977623881,0.35589122750062535,0.3918121831278882,0.38244317514841336,0.3581403891754813,0.23191871024746302
Graceland College,Yes,555,414,242,14,41,996,2281,9100,3100,550,880,51.0,61,23.6,24,5609,47,5.065461728635963,Medium,1,1,-1.106719504496415,-0.6940582870642226,-0.7684736752694478,-0.6829109540471304,1.326024651624655,-0.21682050591119023,0.12366360001576755,-0.6402474519149871,-1.3602908492103485,-1.2983753500580535,2.211956120304136,0.24207061628816592,-1.1900316309135361,0.3581403891754813,-0.006678229288834699
Grand Valley State University,No,5165,3887,1561,20,60,8234,2619,6108,3800,500,1000,64.0,66,20.6,9,5063,57,6.365561145717079,Low,0,0,1.160219479450861,1.221175651709143,-0.2637884142137955,1.307243722051495,1.431922428877039,-1.129437743026696,-0.2291946039516519,-0.38127720177114266,-0.6648004755172165,-1.0407110988557453,1.5760036933158947,-1.18236541463741,-1.5340737192800529,-1.0987972149572356,0.03834886055545782
Green Mountain College,Yes,780,628,198,7,20,545,42,11750,2700,400,850,77.0,83,14.0,24,6475,76,5.277705992531149,Medium,1,1,-0.6579340256457986,-0.9348022212105668,-1.6267810138219474,-1.4414249072737315,-1.1862246672296413,0.43741250359800693,-1.0385747644227592,-0.7100928488101287,0.18895256078278097,0.09569733284866454,0.03258838544133381,0.24207061628816592,-0.7387771668507083,0.3581403891754813,0.39589690168327013
Greensboro College,Yes,608,494,176,10,31,649,314,8330,3770,550,1300,64.0,80,13.0,31,7949,39,5.122859388548717,Low,0,1,-0.9148542999364531,-1.0795968542171843,-1.204141438433242,-1.2113290489984943,-0.044669902510998914,-0.430108505965122,0.12366360001576755,0.15797762173098692,-0.6648004755172165,-0.1356944211524122,-0.22412911897517096,0.7420738947418721,-0.1521656662385522,-1.0987972149572356,0.4460420182607383
Greenville College,Yes,510,387,194,20,46,771,53,10310,4530,400,800,57.0,61,14.3,16,8222,60,5.011907246676032,Medium,1,1,-1.1805820678618553,-0.9597044877467185,-0.2637884142137955,-0.9928406465373613,-1.065526666446129,0.09558300522426577,-1.0385747644227592,-0.8317407990918487,-1.0589485972397998,-1.2983753500580535,0.10819887684225446,-0.4323290036172367,-0.0616886383800057,0.3581403891754813,0.08091888041917408
Grinnell College,Yes,2039,1389,432,56,91,1333,30,15688,4618,400,400,88.0,92,9.5,54,18979,83,5.849375490921754,High,2,1,0.16206258993921271,-0.03904524443172918,1.4803479884652577,-0.35066438954151585,-1.3559697713457746,1.2498296281827272,-1.0385747644227592,-2.1844360205206956,1.0351018728628827,0.8746535950171559,-1.1906916694765612,2.063646228817461,1.7237140634499133,1.8150779933081982,-0.4469884354730319
Grove City College,Yes,2491,1110,573,57,88,2213,35,5224,3048,525,350,65.0,65,18.4,18,4957,100,5.96354318197365,Low,0,1,-0.0650174024304888,0.25972486931570765,1.51453184767177,0.17905060242717555,-1.2789032854925582,-1.4545982956336498,-0.0491042890162079,-2.437138885763575,-0.6047483730462211,-1.094880026424442,1.0864302146786262,-0.2501326687269887,-1.6075655894900829,-1.0987972149572356,-2.049691278021554
Guilford College,Yes,1202,1054,326,18,44,1410,299,13404,5160,450,1050,78.0,86,15.6,30,9114,65,5.539929340887216,Medium,1,1,-0.1179466186158276,-0.34999588767462286,-0.41769469988544683,-0.2890440563340104,-0.07522454097749387,0.7976098294365102,-0.6142542984789047,-0.2817874146954495,0.2611863106631819,0.3410143789166372,0.4289597985788314,0.6744919519989533,0.20427024854485581,0.3581403891754813,0.8839184775303093
Gustavus Adolphus College,Yes,1709,1385,634,36,72,2281,50,14125,3600,400,700,79.0,89,12.5,58,9907,80,5.747317160117744,Medium,1,1,0.1591642333388219,0.3636193184819639,0.675328745331237,0.20885524428698746,-1.0960209047484508,0.9454905754324342,-1.0385747644227592,-1.09776212520345,0.3343576374315665,0.6005650532112241,-0.3553625238528725,2.2607507618422296,0.4090709791338607,0.3581403891754813,0.43186228002687316
Gwynedd Mercy College,Yes,380,237,104,30,56,716,1108,11000,5550,500,500,36.0,41,7.8,22,7483,96,4.822961033802008,Medium,1,1,-1.728122042366441,-1.7592629458791422,0.3687770077049723,-1.0857037011407664,0.7955700857193758,0.26304304288094843,-0.2291946039516519,-1.7565250579131293,-1.9664038120173581,-2.0259049331637793,-1.7100169908089125,0.08579840488433134,-0.31822830099276955,0.3581403891754813,-0.8383385077154616
Hamilton College,Yes,3140,1783,454,40,82,1646,24,19700,5050,300,800,91.0,96,9.6,60,17761,91,6.093508594891175,High,2,1,0.4108458856432937,0.014437151797164842,0.8591123720558882,-0.1231006411982501,-1.4654695858923672,1.9491090666190474,-2.048308048513365,-0.8317407990918487,1.285569340238181,1.2632379969775114,-1.161322711796831,2.356633289468622,1.6098052606303164,1.8150779933081982,-1.2182453776018503
Hamline University,Yes,1006,825,328,34,73,1362,102,13252,4194,450,550,89.0,93,13.0,33,10296,65,5.432990975033504,Medium,1,1,-0.37099421892415935,-0.34309674714668065,0.5776799288914052,-0.32695909859884575,-0.7105632497995539,0.7657705861943107,-0.6142542984789047,-1.5715860927236946,1.1176527018812943,0.9692990979140862,-0.22412911897517096,0.8739402534841448,0.5005321658554333,0.3581403891754813,0.49760016172075905
Hampden - Sydney College,Yes,817,644,307,20,40,945,1,13218,4773,660,600,95.0,97,13.3,53,12263,69,5.306204683601677,Medium,1,1,-0.6312484217657544,-0.418077158140422,-0.2637884142137955,-0.7451222077256711,-2.789154165730728,0.7586158531116008,0.8108421980583805,-1.4016057556008417,1.632664244935875,1.3645882269351624,-0.14633148248231995,2.0131860854053287,0.8925153057161335,0.3581403891754813,0.2810843054601323
Hampton University,Yes,7178,3755,1433,25,63,4623,740,7161,3518,600,2000,60.0,64,14.0,9,6791,70,6.540131933311459,Low,0,1,1.127847241420947,1.1447456293547391,0.07620224590010687,0.8512802515546799,0.5151068467870742,-0.7802418840968481,0.4496014388117547,1.066451766681205,-0.8956449178437978,-1.1477182127095475,0.03258838544133381,-1.18236541463741,-0.5966162551681816,-1.0987972149572356,-1.5223635376373348
Hanover College,Yes,1006,837,317,33,65,1024,15,8200,3485,500,1200,84.0,84,10.6,26,9248,64,5.432990975033504,Low,0,1,-0.3559578069889757,-0.38165786794647216,0.5272445442404738,-0.650384244251072,-1.6883580068917186,-0.4673816430927015,-0.2291946039516519,-0.007652219826546156,0.7142803580969322,0.17590711389826053,-0.8738990280930917,0.3918121831278882,0.24077110487052877,-1.0987972149572356,0.5787408465103008
Hardin-Simmons University,Yes,467,424,350,16,40,1365,334,6300,2980,700,2140,75.0,79,13.7,10,7054,38,4.955769272115759,Low,0,1,-1.0806619632702623,-0.2702647819019641,-0.5849046607537621,-0.32454198313995414,-0.005914869171841798,-1.0629709897256059,1.0360807080301793,1.2117899245837738,0.0472975055627926,-0.20978440474634713,-0.043655143285563025,-1.060970526681064,-0.4858582682422021,-1.0987972149572356,1.0951367285622249
Harding University,Yes,1721,1068,806,35,75,3128,213,5504,3528,700,910,71.0,77,17.7,37,6466,73,5.751386960466285,Low,0,1,-0.1044372272620383,0.6037771105286838,0.6270233788095004,0.5083323315687038,-0.28291456787342484,-1.347937698152823,1.0360807080301793,-0.572572883574748,-0.2247648828620271,-0.35347352257287784,0.9259436201670271,1.1257980885897985,-0.7429823905702067,-1.0987972149572356,-0.8595261174749081
Hartwick College,Yes,2083,1725,430,22,49,1464,67,17480,4780,500,700,75.0,87,12.3,32,11625,73,5.861628401505236,High,2,1,0.37814507874542813,-0.044062480513705635,-0.12094221917214974,-0.24822668263438882,-0.9410669533097701,1.5751599681039905,-0.2291946039516519,-1.09776212520345,0.0472975055627926,0.4259346495311623,-0.4084259016153431,0.808539510579746,0.7766434974014556,1.8150779933081982,0.5523788885499923
Harvard University,Yes,13865,2165,1606,90,100,6862,320,18485,6410,500,1920,97.0,97,9.9,52,37219,100,6.877035791931772,High,2,1,0.6012991611216328,1.2463428394879688,2.452443922292768,1.1694377595295318,-0.03281519843815528,1.748095854789754,-0.2291946039516519,0.9791134641449923,1.8118434631329363,1.3645882269351624,-1.0739217798372556,1.9622254883185175,2.6753026111110616,1.8150779933081982,-4.018653387299508
Harvey Mudd College,Yes,1377,572,178,95,100,654,5,17230,6690,700,900,100.0,100,8.2,46,21569,100,5.620657472100294,High,2,1,-0.7574115502828471,-1.0655921865440927,2.5709000589305027,-1.2014181888893443,-2.1706909080364514,1.5311313223741758,1.0360807080301793,-0.5948985251698033,2.087653298069207,1.6789026453905742,-1.5841549225823564,1.6450848531462385,1.932162509996796,1.8150779933081982,-2.2551776105028685
Hastings College,Yes,817,708,262,22,52,935,37,9376,3272,500,1902,57.0,63,13.0,17,7335,52,5.306204683601677,Medium,1,1,-0.5311680033063592,-0.6008223210545419,-0.12094221917214974,-0.7578008556512423,-1.2508324265266675,-0.14326405507782955,-0.2291946039516519,0.9589986053365099,-1.0589485972397998,-1.199238322126377,-0.22412911897517096,-0.3398815888114029,-0.37434767087137416,0.3581403891754813,0.8139445512261276
Hendrix College,Yes,823,721,274,52,87,954,6,8800,3195,500,1200,82.0,99,13.1,26,8588,63,5.310695358347163,Medium,1,1,-0.512023363084231,-0.5487381704008443,1.3388902885586311,-0.733850464846132,-2.0942242543239864,-0.2984550083699909,-0.2291946039516519,-0.007652219826546156,0.5594977786457802,1.572409762644023,-0.1981197138629203,0.3918121831278882,0.052586408442532706,0.3581403891754813,0.8784174845923695
Hillsdale College,Yes,920,745,347,35,66,1133,42,11090,4700,400,750,80.0,80,12.0,31,12639,79,5.378780227923204,Medium,1,1,-0.477629958749123,-0.279880680795127,0.6270233788095004,-0.5333714638444964,-1.1862246672296413,0.2843718631066613,-1.0385747644227592,-0.9606431574678065,0.4084666114840554,-0.1356944211524122,-0.48865480430561903,0.7420738947418721,0.9565419713728884,0.3581403891754813,0.4275575234921065
Hiram College,Yes,922,729,244,37,66,1000,275,14067,4560,400,1000,75.0,95,10.6,34,12165,79,5.3801017421485335,Medium,1,1,-0.5004246054605627,-0.6843415439833753,0.7226458157909562,-0.6781964875177116,-0.1271125978628815,0.9337804705115147,-1.0385747644227592,-0.38127720177114266,0.0472975055627926,1.1635803366973685,-0.8738990280930917,0.9383237726310382,0.8753278375047309,0.3581403891754813,0.29756461234263953
Hobart and William Smith Colleges,Yes,2688,2081,500,25,53,1792,5,19029,5841,600,600,99.0,99,12.1,37,13040,79,6.006508265499931,High,2,1,0.5626826526047494,0.1171942204221842,0.07620224590010687,-0.03433766964460313,-2.1706909080364514,1.8391379214436463,0.4496014388117547,-1.4016057556008417,1.9947778099275253,1.572409762644023,-0.4618260387652622,1.1257980885897985,1.021665960310897,1.8150779933081982,0.18538863667211458
Hofstra University,Yes,7428,5860,1349,25,63,6534,1350,11600,5920,1000,1000,81.0,90,13.9,10,10093,60,6.558052531855977,Medium,1,1,1.5390007336335927,1.0901753060871524,0.07620224590010687,1.1314600668627193,0.9369570706136677,0.403136443583273,2.4385556153715937,-0.38127720177114266,0.4835133023364041,0.6902976719925955,0.007245147886748601,-1.060970526681064,0.45348131137259345,0.3581403891754813,0.2855543988990515
Hollins College,Yes,602,498,215,26,58,795,74,13470,5515,500,850,78.0,91,11.1,48,13957,72,5.116636653484124,Medium,1,1,-0.9061519216966295,-0.8350844142559638,0.13799295441079093,-0.954815853955006,-0.8874268200608982,0.81136092042319,-0.2291946039516519,-0.7100928488101287,0.2611863106631819,0.7816568116943878,-0.7341609556836695,1.753076593954856,1.1596083388245395,0.3581403891754813,0.5463250081516874
Hood College,Yes,699,565,176,36,64,710,399,13960,6040,450,690,82.0,88,14.4,34,12434,72,5.209900055439124,Medium,1,1,-0.7705738776426698,-1.0795968542171843,0.675328745331237,-1.0963584006614737,0.1070210746282918,0.912093837816943,-0.6142542984789047,-1.1262705939718212,0.5594977786457802,0.5124477851823425,0.1332649014169342,0.9383237726310382,0.9220039712349752,0.3581403891754813,0.4174558396557447
Hope College,Yes,1712,1483,624,37,69,2505,208,12275,4341,465,1100,72.0,81,12.5,40,9284,72,5.748337477634895,Medium,1,1,0.22771793784979102,0.3473981099282442,0.7226458157909562,0.29986379508331684,-0.2972019675334946,0.5551629604043432,-0.4949772347693772,-0.18659120673062196,-0.1581550637201262,-0.060091883356808096,-0.3553625238528725,1.3055390172857926,0.2504385953351303,0.3581403891754813,0.8115858587320005
Houghton College,Yes,949,786,302,30,70,1210,26,9990,3550,500,1500,85.0,90,15.0,24,8187,67,5.397647055154288,Medium,1,1,-0.4215283460426796,-0.4368036320882189,0.3687770077049723,-0.45868846448416,-1.4264688673004153,0.015414767758354089,-0.2291946039516519,0.4565508868862346,0.7930785944456105,0.6902976719925955,0.2822630870249347,0.24207061628816592,-0.07302771101305129,0.3581403891754813,0.5531118472840993
Huntingdon College,Yes,608,520,127,26,47,538,126,8080,3920,500,1100,63.0,72,11.4,9,7703,44,5.122859388548717,Low,0,1,-0.8595869242702062,-1.4946627369472683,0.13799295441079093,-1.4588087077045102,-0.5910032316073232,-0.5021337567822785,-0.2291946039516519,-0.18659120673062196,-0.7239160936184083,-0.6870519494859656,-0.6514933665420364,-1.18236541463741,-0.23789916074291398,-1.0987972149572356,0.736929593830261
Huntington College,Yes,450,430,125,20,46,488,43,9950,3920,300,1300,76.0,76,11.8,25,9466,47,4.932027745946967,Medium,1,1,-1.0653409385038572,-1.5153892912146503,-0.2637884142137955,-1.5915774758256043,-1.1741414143251225,0.005275697146182746,-2.048308048513365,0.15797762173098692,0.1176563164912192,-0.4230962065588109,-0.5425747226939668,0.31770887154146105,0.29844229925254595,0.3581403891754813,1.419147976191603
Huron University,Yes,600,197,124,3,9,392,69,7260,3090,600,1840,31.0,35,12.9,4,9249,21,5.114547611923268,Low,0,1,-1.9394002377675381,-1.5258965124268793,-2.4887995845903816,-1.9002758131524224,-0.925244514156253,-0.749194228132909,0.4496014388117547,0.8883383994642862,-2.1217529592783695,-2.1608178322808573,-0.2502164792374274,-1.9198799308640517,0.24104042973052656,-1.0987972149572356,-2.8474020296489653
Husson College,Yes,723,652,361,10,30,951,706,7800,4000,350,1500,36.0,44,22.0,4,4923,84,5.230834768221326,Low,0,1,-0.6181702079683095,-0.23580289161093015,-1.204141438433242,-0.7375932590248221,0.48314881528904363,-0.5845619581984869,-1.5119094043589478,0.4565508868862346,-1.9664038120173581,-1.9451356052056121,1.8769734548205472,-1.9198799308640517,-1.6316540420110215,-1.0987972149572356,1.0534737073450053
Illinois Benedictine College,Yes,607,558,269,22,47,1222,519,10500,4348,650,1500,81.0,91,11.6,29,8324,75,5.121826853062152,Medium,1,1,-0.7839117239769358,-0.5701138464304865,-0.12094221917214974,-0.44757193185112865,0.2776982439626942,0.1424118724317926,0.7526774067369608,0.4565508868862346,0.4835133023364041,0.7816568116943878,-0.5968513856813783,0.605737985971725,-0.02906368632803433,0.3581403891754813,1.1723578085846904
Illinois College,Yes,894,787,262,28,63,909,28,8050,3850,600,1000,75.0,75,15.6,30,7348,52,5.361314588776869,Low,0,1,-0.4201993912618385,-0.6008223210545419,0.2564541555541443,-0.7915540595069022,-1.3900837948934837,-0.5108746975091973,0.4496014388117547,-0.38127720177114266,0.0472975055627926,-0.4912534379026085,0.4289597985788314,0.6744919519989533,-0.3693485130385374,-1.0987972149572356,0.907327340730735
Illinois Institute of Technology,Yes,1756,1360,478,42,77,1911,626,14550,4620,500,700,75.0,88,12.3,26,12851,56,5.763085552073866,Medium,1,1,0.14084427114313514,0.06947392682514149,0.9459121453121655,0.03172662414991085,0.4021067495915114,1.0303484290494733,-0.2291946039516519,-1.09776212520345,0.0472975055627926,0.5124477851823425,-0.4084259016153431,0.3918121831278882,0.9913621641935632,0.3581403891754813,0.18746962105306544
Illinois State University,No,8681,6695,2408,10,35,15701,1823,7799,3403,537,2605,77.0,84,21.0,16,5569,54,6.639085213136504,Low,0,0,1.6596222168595423,1.5933573716442349,-1.204141438433242,1.753301595128664,1.1573001249387027,-0.5848598009901799,0.03469860313612119,1.6383252857859216,0.18895256078278097,0.17590711389826053,1.6627857007207905,-0.4323290036172367,-1.2134582313363935,-1.0987972149572356,0.1652740196779682
Illinois Wesleyan University,Yes,3050,1342,471,55,86,1818,23,14360,4090,400,650,77.0,92,12.9,34,9605,83,6.077304945923457,Medium,1,1,0.12742953398739154,0.05375671271292296,1.4457068812376728,-0.019455506725603946,-1.4860814376784817,0.9926160534748453,-1.0385747644227592,-1.2442682363007733,0.18895256078278097,0.8746535950171559,-0.2502164792374274,0.9383237726310382,0.33415609377675304,0.3581403891754813,-2.087812524623319
Immaculata College,Yes,268,253,103,16,44,494,1305,10000,5364,500,1000,56.0,64,11.2,33,7305,69,4.59341907552606,Medium,1,1,-1.6540987647817922,-1.7722654599603764,-0.5849046607537621,-1.574788563918717,0.9124968110445694,0.017945366784329685,-0.2291946039516519,-0.38127720177114266,-1.1115113391571876,-1.1477182127095475,-0.7065095991630403,0.8739402534841448,-0.3859365182888588,0.3581403891754813,1.3407467426588455
Incarnate Word College,Yes,1163,927,386,16,49,1685,556,8840,4689,750,2775,67.0,69,11.4,21,6095,95,5.5202182647885305,Medium,1,1,-0.2500427439116116,-0.16179079217954367,-0.5849046607537621,-0.09847686934028843,0.32313609642623936,-0.2874658280935898,1.3023649764046783,1.7767874410274658,-0.48183437398018664,-0.8700943318940553,-0.6514933665420364,0.004942020606680277,-0.9245890040821799,0.3581403891754813,0.3411270139892516
Indiana State University,No,5659,4761,3147,10,31,8596,1949,6892,3706,600,2500,72.0,76,16.6,8,6996,40,6.4144310452114635,Low,0,0,1.3487067165708808,1.8111084530311132,-1.204141438433242,1.3389780240769222,1.2072212748790314,-0.8660535182544824,0.4496014388117547,1.5485627320659785,-0.1581550637201262,-0.4230962065588109,0.6686666659070798,-1.310419180097965,-0.5097311210926455,-1.0987972149572356,0.6420482168084136
Indiana University at Bloomington,No,16587,13243,5873,25,72,24763,2717,9766,3990,600,2000,77.0,88,21.3,24,8686,68,6.966005222246925,Medium,1,0,2.2601455745549726,2.2852915059849046,0.07620224590010687,2.032303715195847,1.4603202557412676,-0.041712170350209236,0.4496014388117547,1.066451766681205,0.18895256078278097,0.5124477851823425,1.727450787505049,0.24207061628816592,0.08191777926244911,0.3581403891754813,0.35010473785218044
Indiana Wesleyan University,Yes,735,423,366,20,48,2448,707,9210,3782,700,1000,49.0,51,39.8,15,6562,34,5.241024295604711,Medium,1,1,-1.0832379912377013,-0.22053657570559232,-0.2637884142137955,0.27767422672497294,0.4841083661413631,-0.18733119622175154,1.0360807080301793,-0.38127720177114266,-1.4532552942898984,-1.7193887069886764,5.213212513282407,-0.5277223720549751,-0.6985862721727822,0.3581403891754813,-1.16603226631623
Iona College,Yes,4892,3530,913,13,33,3906,1446,10690,6790,570,1150,66.0,83,16.0,14,8107,66,6.336353119177,Medium,1,1,1.0697573036279378,0.7250474060118076,-0.8676768730139961,0.7069192316736062,0.986774164535995,0.18868731168658587,0.25701902020397893,-0.09532026038541107,-0.5437597006270006,0.09569733284866454,0.525539763472362,-0.6263490551654358,-0.09922859762019015,0.3581403891754813,-0.17237995430517433
Iowa State University,No,8427,7424,3441,26,59,18676,1715,7550,3224,640,2055,81.0,88,19.2,22,8420,65,6.623718893168602,Low,0,0,1.752448218728452,1.881802135650868,0.13799295441079093,1.8628468488356873,1.1119706790254351,-0.6598175891537094,0.6937277125323383,1.1246396100682514,0.4835133023364041,0.5124477851823425,1.2669625914791942,0.08579840488433134,0.001083820911869436,-1.0987972149572356,0.9118482155518144
Ithaca College,Yes,7259,5526,1368,23,52,5612,166,14424,6192,634,1000,58.0,79,11.5,25,9812,75,6.54601058264918,Medium,1,1,1.4855080801662035,1.1028552823170823,-0.053119072030679164,1.0108856544435574,-0.431205973875573,1.0053623407269028,0.657971573187166,-0.38127720177114266,-1.0054500100654609,-0.20978440474634713,-0.6241261617099947,0.31770887154146105,0.38588878025480183,0.3581403891754813,0.09750527043501177
James Madison University,No,11223,5285,2082,32,72,9652,742,7994,4544,500,732,77.0,81,17.9,29,5212,98,6.770606357923453,Low,0,0,1.4447167023299947,1.4712066092355762,0.4756588429698257,1.4229680435778833,0.5169452389445929,-0.5272485502066548,-0.2291946039516519,-1.009003326063894,0.18895256078278097,-0.060091883356808096,0.9720449849419147,0.605737985971725,-1.434690226242023,-1.0987972149572356,-1.87756751271151
Jamestown College,Yes,472,410,262,14,41,9950,71,7620,3050,400,400,51.0,53,17.0,21,3186,54,4.9625759230116016,Low,0,1,-1.1173315052944135,-0.6008223210545419,-0.7684736752694478,1.4446589589039145,-0.9098301087399321,-0.6385830315005429,-1.0385747644227592,-2.1844360205206956,-1.3602908492103485,-1.644788026270866,0.7629678942848166,0.004942020606680277,-3.3525774242454434,-1.0987972149572356,0.8279504779719635
Jersey City State College,No,2957,1423,691,10,30,3817,1394,3946,4800,400,1500,63.0,67,14.9,10,8367,26,6.060013185756954,Low,0,0,0.18634413241451073,0.4507732493389179,-1.204141438433242,0.6867583438378481,0.9601733636324568,-1.996145086481559,-1.0385747644227592,0.4565508868862346,-0.7239160936184083,-0.9851988400469104,0.25759334859915606,-1.060970526681064,-0.01549415709420525,-1.0987972149572356,-1.8073472917499653
John Brown University,Yes,605,405,284,24,53,961,99,6398,3672,400,1350,68.0,68,13.3,19,8118,75,5.119756296513724,Low,0,1,-1.130753251947189,-0.5073055598220004,0.012544204192919739,-0.7251727925500133,-0.7272538841097254,-1.0295573619161016,-1.0385747644227592,0.23641393781517428,-0.4189723100864871,-0.9283307329438812,-0.14633148248231995,-0.16286735762255852,-0.09560237440084637,-1.0987972149572356,-0.5272200988545811
John Carroll University,Yes,2421,2109,820,27,57,3168,392,11700,5550,600,450,89.0,90,14.5,28,7738,89,5.947391884623865,Medium,1,1,0.5757371751646517,0.6206688980668591,0.19803987368047105,0.5199550357387704,0.09569071633753531,0.42601925753919184,0.4496014388117547,-1.9594513469023465,1.1176527018812943,0.6902976719925955,0.15826329539749684,0.5357515534995189,-0.22544524127610777,0.3581403891754813,0.8448444202640211
Johns Hopkins University,Yes,8474,3446,911,75,94,3566,1569,18800,6740,500,1040,96.0,97,3.3,38,56233,90,6.6265994159964645,High,2,1,1.0470485612856935,0.7229338995319289,2.0648660712522746,0.626664798051335,1.0464170386782825,1.8010243793763914,-0.2291946039516519,-0.3013291939211777,1.7217844915537215,1.3645882269351624,-3.368264127883562,1.186525502100285,3.1081302760177767,1.8150779933081982,-2.314630581478578
Johnson State College,No,833,669,279,3,13,1224,345,7656,4690,500,624,80.0,91,14.4,15,6564,36,5.318102331356635,Low,0,0,-0.5909396810092458,-0.5278077443510664,-2.4887995845903816,-0.4457321141354221,0.0145173627450658,-0.6277122745785015,-0.2291946039516519,-1.3246273911078614,0.4084666114840554,0.7816568116943878,0.1332649014169342,-0.5277223720549751,-0.6976720146330645,-1.0987972149572356,0.38224499249865357
Judson College,Yes,313,228,137,10,30,552,67,9414,4554,500,1700,34.0,55,10.6,30,7840,56,4.696173375665729,Medium,1,1,-1.772146720826468,-1.3963882439476925,-1.204141438433242,-1.4243111611824884,-0.9410669533097701,-0.1332486173638105,-0.2291946039516519,0.720306207993199,-2.0313423005639724,-1.5654940694465738,-0.8738990280930917,0.6744919519989533,-0.18964120311044544,0.3581403891754813,-0.12579620169025998
Juniata College,Yes,1005,859,298,36,55,1075,43,14850,4460,450,420,97.0,97,12.7,37,12067,80,5.4323896002462115,Medium,1,1,-0.32898034319403535,-0.4520441584320677,0.675328745331237,-0.5938356927536874,-1.1741414143251225,1.089272315915407,-0.6142542984789047,-2.0914770741357733,1.8118434631329363,1.3645882269351624,-0.3026284436876273,1.1257980885897985,0.8579254784571598,0.3581403891754813,0.7332781921928018
Kansas State University,No,5880,4075,2833,25,55,14914,2246,6995,3120,600,2000,76.0,86,18.5,22,6122,54,6.434830961797828,Low,0,0,1.204351196286562,1.726657380598861,0.07620224590010687,1.7200285066603576,1.3142637088373896,-0.8329406479372058,0.4496014388117547,1.066451766681205,0.1176563164912192,0.3410143789166372,1.109161442390268,0.08579840488433134,-0.9108018261537898,-1.0987972149572356,-0.3666470272472058
Kansas Wesleyan University,Yes,589,575,148,16,40,474,258,8400,3250,500,1400,63.0,55,12.4,14,6535,68,5.102922708296539,Low,0,1,-0.7518231830046495,-1.2974185005500594,-0.5849046607537621,-1.6317497499030564,-0.16639687095249697,-0.4101964618018934,-0.2291946039516519,0.31220519615957604,-0.7239160936184083,-1.5654940694465738,-0.3818525909118415,-0.6263490551654358,-0.7109709598010429,-1.0987972149572356,1.5597877480467766
Keene State College,No,3121,2446,822,5,19,3480,776,7870,4157,500,1150,73.0,73,16.1,13,6195,61,6.090129674956294,Low,0,0,0.7197234302125625,0.6230548376307481,-1.9916231295773121,0.604878279725936,0.5475335506418704,-0.5637749949193023,-0.2291946039516519,-0.09532026038541107,-0.09060810988813835,-0.6232192944825511,0.5495374102901839,-0.7285459060471434,-0.8739904057177794,-1.0987972149572356,0.2502935284824455
Kentucky Wesleyan College,Yes,584,497,175,20,49,662,121,8000,4150,500,1300,57.0,65,11.3,32,7058,62,5.097561436590215,Low,0,1,-0.9083204915153344,-1.0866681948868575,-0.2637884142137955,-1.1857513899938574,-0.6141072663851711,-0.5254906116708954,-0.2291946039516519,0.15797762173098692,-1.0589485972397998,-1.094880026424442,-0.6789541283407586,0.808539510579746,-0.4842230257759465,-1.0987972149572356,0.7081167043639435
Kenyon College,Yes,2212,1538,408,44,75,1445,1,19240,3690,750,480,95.0,95,11.1,46,14067,88,5.896011797431394,High,2,1,0.2641011301722451,-0.10109531327908958,1.0296888476949617,-0.262376024098334,-2.789154165730728,1.8739898195901719,1.3023649764046783,-1.8353370256838513,1.632664244935875,1.1635803366973685,-0.7341609556836695,1.6450848531462385,1.1752178457107436,1.8150779933081982,-0.35119791795379834
Keuka College,Yes,461,381,174,10,43,738,55,9600,4550,600,750,55.0,94,13.3,43,7863,51,4.947497341280689,Medium,1,1,-1.197744334541909,-1.0937862971100665,-1.204141438433242,-1.0475479310975058,-1.0460501389834256,-0.08460505394541408,0.4496014388117547,-0.9606431574678065,-1.1631383334388996,1.0656043502924986,-0.14633148248231995,1.4783988095896108,-0.18166686350770198,0.3581403891754813,0.5410306692518202
King's College,Yes,1456,1053,381,20,45,500,541,10910,5160,400,1795,66.0,72,15.6,37,7649,87,5.653560267776568,Medium,1,1,-0.1189189062136788,-0.17614250082255523,-0.2637884142137955,-1.558246388907632,0.30505375137088064,0.24159926935404838,-1.0385747644227592,0.8356583924436819,-0.5437597006270006,-0.6870519494859656,0.4289597985788314,1.1257980885897985,-0.2572859473765196,0.3581403891754813,-0.16130566699430918
King College,Yes,355,300,142,34,65,509,44,8664,3350,600,3000,65.0,68,10.7,25,8954,65,4.77868137743038,Low,0,1,-1.4625966848321066,-1.3503066048712544,0.5776799288914052,-1.5338815582074614,-1.1623087972167596,-0.3360655425039277,0.4496014388117547,1.948436776957861,-0.6047483730462211,-0.9283307329438812,-0.845749676894635,0.31770887154146105,0.15958778625130116,-1.0987972149572356,0.6675956104875791
Knox College,Yes,1040,845,286,48,77,967,24,15747,4062,400,800,88.0,95,12.7,33,13224,79,5.453064780290889,High,2,1,-0.34606102635435615,-0.49922096329722465,1.1890885687490678,-0.7177958874864885,-1.4654695858923672,1.2609193153211102,-1.0385747644227592,-0.8317407990918487,1.0351018728628827,1.1635803366973685,-0.3026284436876273,0.8739402534841448,1.050524258435125,1.8150779933081982,0.4460420182607383
La Roche College,Yes,361,321,185,10,41,650,819,8842,4782,600,1100,57.0,73,14.2,14,7022,52,4.789606906347258,Medium,1,1,-1.387179963644372,-1.0179681980351356,-1.204141438433242,-1.2093394471407284,0.5845340400620087,-0.286917227340688,0.4496014388117547,-0.18659120673062196,-1.0589485972397998,-0.6232192944825511,0.0830645638304953,-0.6263490551654358,-0.4989918908026205,0.3581403891754813,0.9677553622983841
La Salle University,Yes,2929,1834,622,20,56,2738,1662,12600,5610,450,3160,90.0,90,15.1,9,9084,84,6.054692595865142,Medium,1,1,0.4386737993897331,0.344117885541795,-0.2637884142137955,0.38456102299753386,1.0887766844638758,0.6264060545068413,-0.6142542984789047,2.0633893890377446,1.2011418370759805,0.6902976719925955,0.30686892312721825,-1.18236541463741,0.19598482610711043,0.3581403891754813,-0.8215500386640243
Lafayette College,Yes,4010,2402,572,36,59,2018,226,18730,5740,600,1000,93.0,96,10.5,38,15365,92,6.22843050511983,High,2,1,0.702171231200448,0.25791678606918356,0.675328745331237,0.0869833820238342,-0.2471352471612089,1.7893131283006505,0.4496014388117547,-0.38127720177114266,1.4572396942508257,1.2632379969775114,-0.9021518863751777,1.186525502100285,1.3462127927726988,1.8150779933081982,-1.0062308033942613
LaGrange College,Yes,544,399,177,15,35,600,363,6987,3585,750,1500,77.0,83,12.5,12,9067,75,5.05281252066558,Low,0,1,-1.1470951659243147,-1.0725717048206616,-0.6744109272506593,-1.313668369839305,0.04671874992599422,-0.8355010027325963,1.3023649764046783,0.4565508868862346,0.18895256078278097,0.09569733284866454,-0.3553625238528725,-0.8347120348951067,0.1912709949874447,-1.0987972149572356,-0.09163931486211255
Lake Forest College,Yes,979,638,271,31,70,968,20,16880,3970,920,1320,91.0,94,10.7,19,15687,77,5.4165244664604275,High,2,1,-0.6411715894848884,-0.5615090164519779,0.42285937607467217,-0.7165718278770373,-1.5531623993304815,1.4687804455716031,2.104899728685809,0.18968183158858168,1.285569340238181,1.0656043502924986,-0.845749676894635,-0.16286735762255852,1.385220665538785,1.8150779933081982,-0.6478662283278467
Lakeland College,Yes,497,452,231,24,47,887,1957,9400,4005,500,1000,49.0,65,17.2,25,4054,57,4.995487905157884,Medium,1,1,-1.0110570163081178,-0.7492100440910737,0.012544204192919739,-0.8210469405406025,1.210291736108052,-0.13693542017306337,-0.2291946039516519,-0.38127720177114266,-1.4532552942898984,-1.094880026424442,0.8097944922590647,0.31770887154146105,-2.3498111466530602,0.3581403891754813,1.1055702792912188
Lamar University,No,2336,1725,1043,10,27,5438,4058,4752,3040,508,1463,48.0,82,18.4,12,5879,26,5.927092377237179,Low,0,0,0.37814507874542813,0.8520208475352463,-1.204141438433242,0.9854141914094662,1.7772331821266991,-1.643243433158621,-0.17072831148606002,0.40421132387382147,-1.498334943952575,0.01703484187169807,1.0864302146786262,-0.8347120348951067,-1.0383815588320011,-1.0987972149572356,-0.05772376724875687
Lambuth University,Yes,831,538,224,15,35,840,325,5170,3430,600,1590,61.0,61,16.1,10,5531,60,5.316628594882557,Low,0,1,-0.8230286756331872,-0.785908258102905,-0.6744109272506593,-0.8871538761426645,-0.023088318734798854,-1.4755979450908108,0.4496014388117547,0.5790362131680256,-0.8393382257670974,-1.2983753500580535,0.5495374102901839,-1.060970526681064,-1.2359551504696182,-1.0987972149572356,-0.6769299653666747
Lander University,No,1166,1009,510,9,33,2074,341,4938,2987,528,1702,67.0,77,17.0,11,6119,51,5.521759503391117,Low,0,0,-0.16270585447152552,0.13809099532900534,-1.3330274833513371,0.11449793484123197,0.007156298798464337,-1.5674959760606653,-0.0279983303806993,0.7227955342089972,-0.48183437398018664,-0.35347352257287784,0.7629678942848166,-0.9453261344609437,-0.9123291000186967,-1.0987972149572356,0.8055543444726023
Lawrence University,Yes,1243,947,324,50,77,1129,74,17163,3891,525,975,76.0,92,10.1,57,13965,77,5.5599248307056355,High,2,1,-0.2280003842787239,-0.35694402172489637,1.2651043449994013,-0.5374191334014481,-0.8874268200608982,1.5192604133823406,-0.0491042890162079,-0.432762082411762,0.1176563164912192,0.8746535950171559,-1.0162263078285314,2.212159671949247,1.1607499668007888,1.8150779933081982,0.10161773560886139
Le Moyne College,Yes,1470,1199,425,21,76,1820,558,11040,4840,400,900,89.0,92,13.3,28,8118,94,5.659190985219162,Medium,1,1,0.01349050304431077,-0.056724243491904344,-0.1910995085854955,-0.018321482131393306,0.3255137691295411,0.27253661788993777,-1.0385747644227592,-0.5948985251698033,1.1176527018812943,0.8746535950171559,-0.14633148248231995,0.5357515534995189,-0.09560237440084637,0.3581403891754813,0.4674437938363923
Lebanon Valley College,Yes,1386,1060,320,28,56,965,502,13850,4755,400,1125,84.0,84,12.3,30,8196,85,5.6245067660368,Medium,1,1,-0.11213352692396526,-0.37098989760362294,0.2564541555541443,-0.7202486420806409,0.25583455751090806,0.8896850314583712,-1.0385747644227592,-0.14048620591693609,0.7142803580969322,0.17590711389826053,-0.4084259016153431,0.6744919519989533,-0.07010481753836482,0.3581403891754813,0.12150977028102132
Lehigh University,Yes,6397,4304,1092,40,84,4298,132,18700,5580,750,1130,96.0,99,12.5,43,14665,91,6.479506521645406,High,2,1,1.2552556029029873,0.8952126146722086,0.8591123720558882,0.789493117510525,-0.5643449338659922,1.7842852180989537,1.3023649764046783,-0.13137917435120128,1.7217844915537215,1.572409762644023,-0.3553625238528725,1.4783988095896108,1.2568956011838275,1.8150779933081982,-0.5041338296779808
Lenoir-Rhyne College,Yes,979,743,259,25,46,1188,166,10100,4000,400,1000,88.0,92,12.0,20,8539,66,5.4165244664604275,Medium,1,1,-0.4804505158417917,-0.6142741016068968,0.07620224590010687,-0.47942210427592374,-0.431205973875573,0.04316040253595542,-1.0385747644227592,-0.38127720177114266,1.0351018728628827,0.8746535950171559,-0.48865480430561903,-0.07789765626183243,0.0377263620870035,0.3581403891754813,0.08169544466493785
Lesley College,Yes,244,198,82,12,33,1134,336,11700,5300,550,805,71.0,88,27.8,18,8694,58,4.530745258812736,Medium,1,1,-1.9335771763314704,-2.084771237556712,-0.9727316677869278,-0.5323622676063023,-0.0021552485639602073,0.42601925753919184,0.12366360001576755,-0.8192639038811091,-0.2247648828620271,0.5124477851823425,3.0516779923242545,-0.2501326687269887,0.08428964113927435,0.3581403891754813,0.4390724546594511
LeTourneau University,Yes,477,417,204,29,54,1532,77,8840,4240,600,1400,58.0,70,20.8,23,6863,56,4.96930565842874,Medium,1,1,-1.0988321940222192,-0.8985167294850508,0.3133361961439693,-0.19936324588212398,-0.8658275684892794,-0.2874658280935898,0.4496014388117547,0.31220519615957604,-1.0054500100654609,-0.8104772611976783,1.6194758578441073,0.16480224108923644,-0.5656447474459456,0.3581403891754813,0.8658376824716173
Lewis and Clark College,Yes,2774,2092,482,35,64,1763,59,15800,4790,450,950,75.0,98,12.3,21,12999,69,6.024216189628688,High,2,1,0.5678334844081293,0.07833646140417255,0.6270233788095004,-0.051250681531073115,-1.0089401426438158,1.2708579877093604,-0.6142542984789047,-0.4854840926797661,0.0472975055627926,1.467641878959388,-0.4084259016153431,0.004942020606680277,1.0151498771803276,1.8150779933081982,0.04909848784711097
Lewis University,Yes,1154,1050,395,12,31,2192,1423,10560,4520,500,1200,36.0,48,14.3,10,7701,61,5.515568831752228,Medium,1,1,-0.12184170308296169,-0.13649015717666843,-0.9727316677869278,0.16961992260165212,0.9751165585370247,0.1570841743525925,-0.2291946039516519,-0.007652219826546156,-1.9664038120173581,-1.8227310098814986,0.10819887684225446,-1.060970526681064,-0.23861344905684823,0.3581403891754813,1.1084404555761649
Lincoln Memorial University,Yes,787,562,363,21,55,925,605,5950,2890,600,1300,67.0,72,14.6,35,5177,53,5.283207392816426,Low,0,1,-0.7762683419391355,-0.22966727129555303,-0.1910995085854955,-0.7706458792310509,0.3792880943109691,-1.185171529100312,0.4496014388117547,0.15797762173098692,-0.48183437398018664,-0.6870519494859656,0.18319470580243435,1.0017342937327451,-1.4576384330448144,-1.0987972149572356,-0.22327519574396684
Lincoln University,No,1660,1091,326,15,41,1196,33,4818,3400,350,1400,71.0,72,12.6,8,10912,45,5.730374554373153,Low,0,0,-0.08264908118535864,-0.34999588767462286,-0.6744109272506593,-0.4718288446647472,-1.308458762070803,-1.6161459436838903,-1.5119094043589478,0.31220519615957604,-0.2247648828620271,-0.6870519494859656,-0.32895477682173246,-1.310419180097965,0.6349582592619688,-1.0987972149572356,-0.610157558723762
Lindenwood College,Yes,810,484,356,6,33,2155,191,9200,4800,1000,4200,65.0,85,24.1,9,3480,100,5.300920632452774,Medium,1,1,-0.9369441042237872,-0.2513150643197866,-1.7978331880954055,0.15273295403977152,-0.3482108538571652,-0.1900024498689417,2.4385556153715937,2.7007350625834534,-0.6047483730462211,0.25767565625110594,2.3148101285408176,-1.18236541463741,-2.969927884105032,0.3581403891754813,-1.016241260485426
Linfield College,Yes,1561,1188,458,48,72,1548,840,13380,4210,500,900,89.0,91,17.8,34,8747,81,5.694443715202799,Medium,1,1,0.0041309531350746205,0.02383984871169172,1.1890885687490678,-0.18824947626118482,0.6019717972126885,0.7925984055207709,-0.2291946039516519,-0.5948985251698033,1.1176527018812943,0.7816568116943878,0.9490194931800552,0.9383237726310382,0.0999186336733127,0.3581403891754813,0.09606812787834616
Livingstone College,Yes,900,473,217,22,47,621,11,4400,3400,800,900,53.0,93,10.4,16,9268,92,5.3653930498506135,Low,0,1,-0.9618136529865033,-0.8239537228442008,-0.12094221917214974,-1.2686048897713655,-1.8298731617089106,-1.7921050607552145,1.5536080298286021,-0.5948985251698033,-1.2635854783881688,0.9692990979140862,-0.9305096236198235,-0.4323290036172367,0.2461490835061736,-1.0987972149572356,-1.5058384759967047
Lock Haven University of Pennsylvania,No,3570,2215,651,17,41,3390,325,7352,3620,225,500,47.0,55,16.1,14,6374,63,6.164611262447338,Low,0,0,0.6235319762496316,0.39052938603291865,-0.4994689411839057,0.5813642295611628,-0.023088318734798854,-0.7205902212326216,-3.021319039710189,-1.7565250579131293,-1.5424796957691627,-1.5654940694465738,0.5495374102901839,-0.6263490551654358,-0.7864932022860812,-1.0987972149572356,-0.8603509439447262
Longwood College,No,2747,1870,724,12,47,2874,118,7920,3962,550,2200,74.0,80,18.4,23,5553,62,6.018720890644854,Low,0,0,0.4578234048506133,0.49752215790860554,-0.9727316677869278,0.4300363145060854,-0.628386138396189,-0.5490014173684451,0.12366360001576755,1.2713984993834921,-0.022123945179242006,-0.1356944211524122,1.0864302146786262,0.16480224108923644,-1.2229016753401747,-1.0987972149572356,-0.45021037042451273
Loras College,Yes,1641,1283,527,20,39,1663,170,11200,4000,500,1200,61.0,62,14.2,24,7578,70,5.723660128600856,Medium,1,1,0.0820709001678471,0.17255324686701148,-0.2637884142137955,-0.11228069362080101,-0.4172001723840956,0.3102865577817636,-0.2291946039516519,-0.007652219826546156,-0.8393382257670974,-1.2494530951634284,0.0830645638304953,0.24207061628816592,-0.28309959435544696,0.3581403891754813,0.2374860032447601
Louisiana College,Yes,2013,1053,212,33,61,912,158,5150,3036,500,1655,64.0,74,10.5,11,7547,59,5.842001067836102,Low,0,1,-0.1189189062136788,-0.8520063481131878,0.5272445442404738,-0.7875997659867329,-0.4601547085297253,-1.483412153110486,-0.2291946039516519,0.6635672183793232,-0.6648004755172165,-0.5579571392876599,-0.9021518863751777,-0.9453261344609437,-0.294487655660361,-1.0987972149572356,-1.5225429007574476
Louisiana State University at Baton Rouge,No,5996,4993,3079,29,57,16269,3757,5925,2980,600,2242,83.0,87,15.9,11,6741,37,6.445211949390061,Low,0,0,1.3925420180348924,1.7936696976159443,0.3133361961439693,1.7760773564528627,1.7153704089318045,-1.194078940490222,0.4496014388117547,1.3122353651674301,0.6364201082318471,0.4259346495311623,0.5014836937996878,-0.9453261344609437,-0.6184238503686443,-1.0987972149572356,0.5835967475096299
Louisiana Tech University,No,2397,2144,1525,22,45,6720,1822,3957,2325,618,1656,66.0,77,20.0,13,4546,45,5.941738687808744,Low,0,0,0.5917971570827522,1.2004317069174382,-0.12094221917214974,1.153273814376933,1.1568916363031037,-1.9910237931069654,0.5611600805289095,0.6648435231047262,-0.5437597006270006,-0.35347352257287784,1.444591078122857,-0.7285459060471434,-1.9171361761020183,-1.0987972149572356,1.0034995244474834
Loyola College,Yes,4076,3137,738,25,54,3010,184,12990,6300,600,900,86.0,88,14.7,27,9448,80,6.237351305343321,Medium,1,1,0.9581025241597568,0.516617879302311,0.07620224590010687,0.47296127079593536,-0.3704128641720285,0.7103218447492516,0.4496014388117547,-0.5948985251698033,0.8728148827034736,0.5124477851823425,0.20805976907672294,0.464466880638092,0.2937583083822423,0.3581403891754813,0.1544078451544635
Loyola Marymount University,Yes,3768,2662,753,42,64,3558,436,13592,5916,545,1328,84.0,88,14.2,10,11677,84,6.194318012398351,Medium,1,1,0.8012592518394422,0.536619351975036,0.9459121453121655,0.62466529357731,0.16408930983399242,0.8366635243852356,0.08966532219506136,0.20223912345971037,0.7142803580969322,0.5124477851823425,0.0830645638304953,-1.060970526681064,0.7864518491610535,0.3581403891754813,-0.275167239410489
Loyola University,Yes,1891,1698,719,24,80,2740,761,11100,5870,600,750,77.0,88,11.7,14,9456,53,5.805976344221893,Medium,1,1,0.3625190035018935,0.4905988066322381,0.012544204192919739,0.38524958826335304,0.5341906841493281,0.2867347034270165,0.4496014388117547,-0.9606431574678065,0.18895256078278097,0.5124477851823425,-0.5696679334896119,-0.6263490551654358,0.295841779845231,0.3581403891754813,1.0272136927551896
Loyola University Chicago,Yes,3579,2959,868,25,55,5244,3417,11500,5330,700,2000,75.0,95,6.2,15,13009,65,6.165999527926277,Medium,1,1,0.9025045295958058,0.6761538938389555,0.07620224590010687,0.9558168568558417,1.6398731002288558,0.3801236666635978,1.0360807080301793,1.066451766681205,0.0472975055627926,1.1635803366973685,-2.240907965439047,-0.5277223720549751,1.0167420859984393,0.3581403891754813,0.543092071682745
Luther College,Yes,1549,1392,587,38,72,2269,85,13240,3560,600,400,73.0,85,13.8,38,8949,77,5.6899230505544045,Medium,1,1,0.16423050717642868,0.2846623611168618,0.7690207208177242,0.20367492016670885,-0.8117346098511219,0.7632467647761073,0.4496014388117547,-2.1844360205206956,-0.09060810988813835,0.25767565625110594,-0.018169123018266124,1.186525502100285,0.15817163376040988,0.3581403891754813,1.0320207888312147
Lycoming College,Yes,1286,1005,363,16,37,1363,74,13900,4300,500,900,75.0,81,14.0,32,8024,72,5.580149455344485,Medium,1,1,-0.16678732253452225,-0.22966727129555303,-0.5849046607537621,-0.3261526729691661,-0.8874268200608982,0.8998852924398955,-0.2291946039516519,-0.5948985251698033,0.0472975055627926,-0.060091883356808096,0.03258838544133381,0.808539510579746,-0.12683687517030182,0.3581403891754813,0.23512329646065697
Lynchburg College,Yes,1756,1500,366,3,21,1524,280,12450,5400,450,870,62.0,66,12.4,24,8832,70,5.763085552073866,Medium,1,1,0.23911562836029182,-0.22053657570559232,-2.4887995845903816,-0.20497332035690344,-0.11597494630920409,0.5936765164083418,-0.6142542984789047,-0.6632809494242876,-0.7820953142680762,-1.0407110988557453,-0.3818525909118415,0.24207061628816592,0.12468138665974944,0.3581403891754813,0.7297937500279598
Lyndon State College,No,535,502,223,6,20,959,150,7320,4640,500,600,48.0,65,12.6,15,7114,51,5.042257359190558,Low,0,0,-0.8975239579175873,-0.7912587175211596,-1.7978331880954055,-0.7276442458726137,-0.4904558228650683,-0.730512630509906,-0.2291946039516519,-1.4016057556008417,-1.498334943952575,-1.094880026424442,-0.32895477682173246,-0.5277223720549751,-0.4614787189479588,-1.0987972149572356,1.3018914012771503
Macalester College,Yes,2939,1496,452,56,86,1723,113,15909,4772,500,700,85.0,91,11.9,37,14213,77,6.056599046314436,High,2,1,0.23644628872197668,0.009699901680342994,1.4803479884652577,-0.07514372951015755,-0.6529279200826901,1.2912292689885556,-0.2291946039516519,-1.09776212520345,0.7930785944456105,0.7816568116943878,-0.5155706927336406,1.1257980885897985,1.1956475168054088,1.8150779933081982,-1.6183408233154255
MacMurray College,Yes,740,558,177,12,29,628,63,9620,3750,550,950,49.0,55,10.8,33,10642,59,5.245217373269947,Medium,1,1,-0.7839117239769358,-1.0725717048206616,-0.9727316677869278,-1.2539949269573853,-0.9740319705249556,-0.07941154917988634,0.12366360001576755,-0.4854840926797661,-1.4532552942898984,-1.5654940694465738,-0.8177024914772081,0.8739402534841448,0.5775159700154037,0.3581403891754813,0.04847550645324501
Malone College,Yes,874,758,428,21,46,1605,246,9858,3700,450,1200,42.0,45,17.6,16,4796,55,5.347504534222177,Medium,1,1,-0.45949140721084825,-0.0491067053906913,-0.1910995085854955,-0.1497659888519674,-0.19555710302836535,-0.018146215060422285,-0.6142542984789047,-0.007652219826546156,-1.749184136414518,-1.9161399642376822,0.9028169700855416,-0.4323290036172367,-1.723950287391873,0.3581403891754813,0.8186505180705284
Manchester College,Yes,1004,802,239,23,63,909,51,10440,3850,525,1450,63.0,72,11.8,20,7940,64,5.431787583190946,Medium,1,1,-0.4004789559268299,-0.7088084284580587,-0.053119072030679164,-0.7915540595069022,-1.0856771595189671,0.12768438698895676,-0.0491042890162079,0.3855304303319002,-0.7239160936184083,-0.6870519494859656,-0.5425747226939668,-0.07789765626183243,-0.15522989657869318,0.3581403891754813,0.35288311036305114
Manhattan College,Yes,2432,1730,563,20,63,2578,254,12370,6800,500,1800,92.0,92,13.6,25,10062,79,5.949962873191406,Medium,1,1,0.38101008689366267,0.2414781334857494,-0.2637884142137955,0.3273994940921789,-0.17597858877416286,0.5761147458728345,-0.2291946039516519,0.8415717373961816,1.3709352724803292,0.8746535950171559,-0.06921364143108587,0.31770887154146105,0.4461676020749453,0.3581403891754813,-0.24201897779794043
Manhattanville College,Yes,962,750,212,21,54,830,150,14700,6550,450,400,97.0,97,11.3,24,11291,70,5.405904757773145,Medium,1,1,-0.4706138362008873,-0.8520063481131878,-0.1910995085854955,-0.9018018714840317,-0.4904558228650683,1.0599091241292744,-0.6142542984789047,-2.1844360205206956,1.8118434631329363,1.3645882269351624,-0.6789541283407586,0.24207061628816592,0.71199077190249,0.3581403891754813,0.22242190379365154
Mankato State University,No,3073,2672,1547,9,29,9649,1792,4300,2643,450,1660,57.0,68,19.0,11,5801,68,6.081494200070965,Low,0,0,0.8048609400425873,1.2131747737842142,-1.3330274833513371,1.4227455438033356,1.1445420441442986,-1.8358154428499396,-0.6142542984789047,0.6699416162275255,-1.0589485972397998,-0.9283307329438812,1.222108344767349,-0.9453261344609437,-1.0810716245337828,-1.0987972149572356,0.8338314400762048
Marian College of Fond du Lac,Yes,824,670,337,15,41,1160,653,9400,3400,500,1100,37.0,37,8.4,21,5352,59,5.311440388593584,Medium,1,1,-0.589360992699577,-0.3126400038889764,-0.6744109272506593,-0.5064976273717405,0.43045216020189175,-0.13693542017306337,-0.2291946039516519,-0.18659120673062196,-1.9325346743110978,-2.1196483779539492,-1.5221214688076337,0.004942020606680277,-1.3452225459391853,0.3581403891754813,0.4501696238886852
Marietta College,Yes,1611,960,342,27,60,1089,210,13850,3920,470,810,80.0,97,13.2,30,10223,96,5.712886735642702,Medium,1,1,-0.21393812235772544,-0.29612223320675385,0.19803987368047105,-0.5788827269964539,-0.29145025136329783,0.8896850314583712,-0.4559627311617417,-0.8068585571916942,0.4084666114840554,1.3645882269351624,-0.17218743851993448,0.6744919519989533,0.4837783977991977,0.3581403891754813,-1.0273133440888895
Marist College,Yes,4731,3171,830,12,31,3557,658,10700,5925,550,1200,74.0,81,17.6,34,8408,69,6.3182961903163966,Medium,1,1,0.9683381052168887,0.6325320786094438,-0.9727316677869278,0.624414970231984,0.4355850726742023,0.19110784129153285,0.12366360001576755,-0.007652219826546156,-0.022123945179242006,-0.060091883356808096,0.9028169700855416,0.9383237726310382,-0.0026555648125747592,0.3581403891754813,-0.5215163772156436
Marquette University,Yes,5152,4600,1685,36,71,7016,804,11610,4760,600,1950,75.0,94,13.5,25,9982,77,6.364208223141696,Medium,1,1,1.3169222819079067,1.2886172602021293,0.675328745331237,1.186513099491042,0.5718300632983053,0.40543054269898315,0.4496014388117547,1.0122534250456598,0.0472975055627926,1.0656043502924986,-0.09484535878691201,0.31770887154146105,0.427131894643879,0.3581403891754813,0.9926549349902813
Marshall University,Yes,4226,3666,2007,14,60,7703,2339,5094,4010,700,1560,77.0,86,16.6,10,6203,50,6.25706240568248,Low,0,1,1.105326113155491,1.4399664582911935,-0.7684736752694478,1.257481109263603,1.3451608388976657,-1.5053985439238686,1.0360807080301793,0.5389373745851044,0.18895256078278097,0.3410143789166372,0.6686666659070798,-1.060970526681064,-0.869996946450833,-1.0987972149572356,0.8200796627578482
Mary Baldwin College,Yes,499,441,199,26,52,846,377,11200,7400,600,1300,66.0,79,6.8,50,10819,90,4.998043743851639,Medium,1,1,-1.0378370230910257,-0.9286672525884742,0.13799295441079093,-0.8784667292253139,0.07078414185244954,0.3102865577817636,0.4496014388117547,0.15797762173098692,-0.5437597006270006,-0.20978440474634713,-2.036203154870672,1.8587440245877787,0.6154223597226631,0.3581403891754813,0.9308247497979836
Mary Washington College,No,4350,2178,756,39,78,2997,736,6490,4942,650,2102,75.0,80,17.6,30,5358,84,6.272798400268511,Low,0,0,0.6071321007088009,0.5405644999312657,0.8144962912549331,0.4689612845132503,0.5114165899760813,-0.9984940856865023,0.7526774067369608,1.1732322498844125,0.0472975055627926,-0.1356944211524122,0.9028169700855416,0.6744919519989533,-1.3414689669260043,-1.0987972149572356,-1.6749836428389229
Marymount College Tarrytown,Yes,478,327,117,9,34,731,370,11510,6450,575,1075,71.0,93,10.3,30,10502,77,4.970642522839022,Medium,1,1,-1.3665988771657835,-1.6022964453764632,-1.3330274833513371,-1.0595363505064501,0.05885402780243383,0.38243084587087894,0.2897201272175073,-0.23367680838973376,-0.2247648828620271,0.9692990979140862,-0.9589736432806009,0.6744919519989533,0.5468378860030482,0.3581403891754813,-0.4273696948026915
Marymount Manhattan College,Yes,695,535,239,21,30,988,785,10200,7000,350,1100,63.0,76,11.7,20,10622,68,5.2063360650634145,Medium,1,1,-0.8290300689495345,-0.7088084284580587,-0.1910995085854955,-0.6924095012304674,0.5554281226120912,0.06821195754654148,-1.5119094043589478,-0.18659120673062196,-0.7239160936184083,-0.4230962065588109,-0.5696679334896119,-0.07789765626183243,0.5731715961484694,0.3581403891754813,0.1554763990559855
Marymount University,Yes,941,772,214,10,30,1247,776,11390,5280,500,750,77.0,82,10.6,17,8575,55,5.392504850117807,Medium,1,1,-0.44032585030275667,-0.8406946364204384,-1.204141438433242,-0.42483403891232463,0.5475335506418704,0.3546572622011375,-0.2291946039516519,-0.9606431574678065,0.18895256078278097,0.01703484187169807,-0.8738990280930917,-0.3398815888114029,0.04865671384075893,0.3581403891754813,0.49980616510637604
Maryville College,Yes,1464,888,176,26,52,624,128,11200,4208,500,1642,80.0,90,11.1,43,8317,51,5.656784895241069,Medium,1,1,-0.29452658494306044,-1.0795968542171843,0.13799295441079093,-1.262319019742533,-0.5819923517098771,0.3102865577817636,-0.2291946039516519,0.6469099571401854,0.4084666114840554,0.6902976719925955,-0.7341609556836695,1.4783988095896108,-0.03128291531012251,0.3581403891754813,-0.9548402655980349
Maryville University,Yes,549,397,169,26,51,1343,1751,9250,4550,425,1350,52.0,58,13.1,13,5925,61,5.058595856742255,Medium,1,1,-1.1526009240046489,-1.1300989314251952,0.13799295441079093,-0.3424197298695604,1.127359447455725,-0.17666519467420225,-0.8209747620312199,0.23641393781517428,-1.3124058333016602,-1.4375163915219222,-0.1981197138629203,-0.7285459060471434,-1.0136125893860917,0.3581403891754813,-0.1618588069626652
Marywood College,Yes,1107,859,323,13,51,1452,402,11040,4500,600,700,65.0,76,11.8,30,9034,66,5.49063889781031,Medium,1,1,-0.32898034319403535,-0.36043666507006117,-0.8676768730139961,-0.25713686334550334,0.11182218825857136,0.27253661788993777,0.4496014388117547,-1.09776212520345,-0.6047483730462211,-0.4230962065588109,-0.5425747226939668,0.6744919519989533,0.18208158879143516,0.3581403891754813,0.19756165091474862
Massachusetts Institute of Technology,Yes,6411,2140,1078,96,99,4481,28,20100,5975,725,1600,99.0,99,10.1,35,33541,94,6.480661821914304,High,2,1,0.589975972103643,0.8831038352426647,2.5940317741350425,0.8249568972013424,-1.3900837948934837,2.0134989748534267,1.1712232061898495,0.5922469197789686,1.9947778099275253,1.572409762644023,-1.0162263078285314,1.0017342937327451,2.550003006545823,1.8150779933081982,-2.8102074548877582
Mayville State University,No,233,233,153,5,12,658,58,4486,2516,600,1900,68.0,68,15.7,11,6971,51,4.4997718877926625,Low,0,0,-1.7474639410272368,-1.2552002491538736,-1.9916231295773121,-1.1935557667455075,-1.01799999104857,-1.7550331807304491,0.4496014388117547,0.956752752058499,-0.4189723100864871,-0.9283307329438812,0.4531942340637835,-0.9453261344609437,-0.5201155153614891,-1.0987972149572356,1.7214721572963376
McKendree College,Yes,1002,555,119,16,43,836,684,7680,3740,500,800,70.0,74,17.7,21,6652,52,5.430581616965727,Low,0,1,-0.7896828045621709,-1.579940754488706,-0.5849046607537621,-0.8929874370094172,0.46172263461915913,-0.6204837466933623,-0.2291946039516519,-0.8317407990918487,-0.2904376445599966,-0.5579571392876599,0.9259436201670271,0.004942020606680277,-0.6578652682482061,-1.0987972149572356,-1.3130841814869647
McMurry University,Yes,578,411,187,25,50,880,477,6930,3452,400,1525,57.0,64,11.0,11,6383,32,5.091062533416522,Low,0,1,-1.1146681606827469,-1.0047422182041945,0.07620224590010687,-0.8306185257214134,0.22243802574620308,-0.8537995141224842,-1.0385747644227592,0.49124292155173377,-1.0589485972397998,-1.1477182127095475,-0.7619093999483375,-0.9453261344609437,-0.7821940639937002,-1.0987972149572356,-0.24389654599265959
McPherson College,Yes,420,293,93,11,32,336,80,7950,3750,600,2740,54.0,54,9.8,45,9754,48,4.8876842505083316,Low,0,1,-1.4889969490245847,-1.910891341634475,-1.0845174670653988,-2.126558364539047,-0.844973801065171,-0.5401666615228499,0.4496014388117547,1.7489351583523876,-1.2138296794549612,-1.6057345224000523,-1.102939443941877,1.590170069482996,0.3715645121770093,-1.0987972149572356,-0.33541200343408945
Mercer University,Yes,2286,1668,564,37,70,2943,1260,11985,4081,400,1500,93.0,95,9.2,15,8995,91,5.914777869856825,Medium,1,1,0.34484205250634925,0.24331956598723925,0.7226458157909562,0.45211664038069665,0.8872642803522207,0.49053837892447655,-1.0385747644227592,0.4565508868862346,1.4572396942508257,1.1635803366973685,-1.2795288599936459,-0.5277223720549751,0.17115440621968855,0.3581403891754813,-0.11746823564387955
Mercyhurst College,Yes,1557,1074,397,15,40,1805,433,9813,4050,425,1000,45.0,63,16.7,29,7307,78,5.692940981605035,Medium,1,1,-0.09870534304071149,-0.13095805615211423,-0.6744109272506593,-0.026863925151019152,0.15962811472572122,-0.02965490558042674,-0.8209747620312199,-0.38127720177114266,-1.6279649723564091,-1.199238322126377,0.6923240937679691,0.605737985971725,-0.3851616460014546,0.3581403891754813,-0.3886807252699466
Meredith College,Yes,857,772,376,25,58,1721,470,6720,3250,450,1520,77.0,82,13.9,33,6881,82,5.335496751694501,Low,0,1,-0.44032585030275667,-0.19071311108962954,0.07620224590010687,-0.0763560923643278,0.2128043540403945,-0.9220812277039356,-0.6142542984789047,0.4843468549194807,0.18895256078278097,0.01703484187169807,0.007245147886748601,0.8739402534841448,-0.5579800636071004,-1.0987972149572356,1.0467988826606254
Merrimack College,Yes,1981,1541,514,18,36,1927,1084,12500,6200,375,1000,73.0,75,16.8,22,8707,80,5.832783308176747,Medium,1,1,0.2660454881857183,0.14631774960385702,-0.41769469988544683,0.040225959143666015,0.7800662444554312,0.6046150057754334,-1.2683636764663306,-0.38127720177114266,-0.09060810988813835,-0.4912534379026085,0.7159264724323372,0.08579840488433134,0.08813674575466245,0.3581403891754813,0.21061431129084923
Mesa State College,No,1584,1456,891,6,18,3471,911,5016,3798,540,2256,48.0,48,28.8,12,3871,59,5.703005043845515,Low,0,0,0.2093254678036157,0.7014998553727269,-1.7978331880954055,0.6025604095471382,0.6581529004723541,-1.5362886608469797,0.05539420530459672,1.3256903474991255,-1.498334943952575,-1.8227310098814986,3.244143832516816,-0.8347120348951067,-2.532041574074914,-1.0987972149572356,1.1717918280150017
Messiah College,Yes,1742,1382,607,30,64,2258,53,10300,5080,475,1200,68.0,75,14.1,30,7762,89,5.758436392708651,Medium,1,1,0.15698458651118335,0.31912176239996587,0.3687770077049723,0.19889686756655064,-1.065526666446129,0.09310267904364704,-0.41730816701513446,-0.007652219826546156,-0.4189723100864871,-0.4912534379026085,0.0578612934555406,0.6744919519989533,-0.21695551051769307,0.3581403891754813,0.3157167801732896
Miami University at Oxford,No,9239,7788,3290,35,39,13606,807,8856,3960,500,1382,81.0,89,17.6,20,7846,85,6.671213443529512,Medium,1,0,1.7952129435883326,1.8464035825485081,0.6270233788095004,1.6596984763696159,0.5743878482457949,-0.2830793027641169,-0.2291946039516519,0.28521337265469604,0.4835133023364041,0.6005650532112241,0.9028169700855416,-0.07789765626183243,-0.18755746504191123,0.3581403891754813,0.6531607921467731
Michigan State University,No,18114,15096,6180,23,57,26640,4120,10658,3734,504,600,93.0,95,14.0,9,10520,71,7.009292392461133,Medium,1,0,2.3722356732751613,2.3220483786687645,-0.053119072030679164,2.0745110253518426,1.7894598445809415,0.18093160634185956,-0.19986039048010187,-1.4016057556008417,1.4572396942508257,1.1635803366973685,0.03258838544133381,-1.18236541463741,0.5508174598984344,0.3581403891754813,0.5881320050429978
Michigan Technological University,No,2618,2288,1032,42,77,5524,414,8127,3978,900,1200,82.0,82,17.0,25,7473,65,5.991640163671363,Low,0,0,0.6550463572675366,0.8420027084189083,0.9459121453121655,0.9981257653310152,0.13070930320260554,-0.4884823808240123,2.0175449906937217,-0.007652219826546156,0.5594977786457802,0.01703484187169807,0.7629678942848166,0.31770887154146105,-0.3219660797371311,-1.0987972149572356,0.8640401310539181
MidAmerica Nazarene College,Yes,331,331,225,15,36,1100,166,6840,3720,1100,4913,33.0,33,15.4,20,5524,49,4.732906222799449,Low,0,1,-1.3531012221057366,-0.780585278710829,-0.6744109272506593,-0.5672974061145423,-0.431205973875573,-0.8828942952654918,2.824358271392033,3.0577741497916087,-2.0624119657961333,-2.1983538567064675,0.38030884250552255,-0.07789765626183243,-1.240125335646193,-1.0987972149572356,1.7214721572963376
Millersville University of Penn.,No,6011,3075,960,22,60,5146,1532,7844,3830,450,1258,72.0,74,16.8,20,7832,71,6.446538567226873,Low,0,0,0.9391285863696567,0.7732316609823825,-0.12094221917214974,0.9403535579303817,1.0289323140850855,-0.5714816336528199,-0.6142542984789047,0.08990169471617543,-0.1581550637201262,-0.5579571392876599,0.7159264724323372,-0.07789765626183243,-0.19242334963793736,-1.0987972149572356,-1.6010258303560951
Milligan College,Yes,610,461,189,26,52,685,49,8200,3300,550,1000,63.0,69,12.0,16,8128,64,5.124919005052435,Low,0,1,-0.9896593149135585,-0.9916783979866695,0.13799295441079093,-1.1419646671461603,-1.106552791365331,-0.4673816430927015,0.12366360001576755,-0.38127720177114266,-0.7239160936184083,-0.8700943318940553,-0.48865480430561903,-0.4323290036172367,-0.09231237800894349,-1.0987972149572356,0.05992819474941536
Millikin University,Yes,1444,1261,456,29,62,1788,95,11910,4378,450,965,60.0,77,11.4,25,8149,75,5.6486875146790965,Medium,1,1,0.0645838966612123,0.019150392074915666,0.3133361961439693,-0.03665058865724941,-0.7502317576043804,0.473658251857913,-0.6142542984789047,-0.4536989836978673,-0.8956449178437978,-0.35347352257287784,-0.6514933665420364,0.31770887154146105,-0.08542366411709376,0.3581403891754813,0.8594085730174282
Millsaps College,Yes,905,834,319,32,61,1073,179,11320,4402,550,1350,82.0,89,12.7,38,11218,58,5.368769548378187,Medium,1,1,-0.3596951997308655,-0.37453302440042296,0.4756588429698257,-0.5959912019559986,-0.38674238750608864,0.3383671391568183,0.12366360001576755,0.23641393781517428,0.5594977786457802,0.6005650532112241,-0.3026284436876273,1.186525502100285,0.697465996493578,0.3581403891754813,1.1878115171694716
Milwaukee School of Engineering,Yes,1217,1088,496,36,69,1773,884,11505,3255,1000,2075,35.0,46,16.7,23,7140,67,5.547328480532772,Medium,1,1,-0.08546301746196663,0.10870013477491584,0.675328745331237,-0.04538054254823845,0.6372692488918638,0.3812774209451592,2.4385556153715937,1.1454418178263641,-1.999339635780793,-1.886083615874445,0.6923240937679691,0.16480224108923644,-0.45101249528195664,0.3581403891754813,1.0004401641521374
Mississippi College,Yes,594,385,307,36,57,1695,721,5580,2830,600,700,77.0,79,16.5,18,6170,61,5.108235377379953,Low,0,1,-1.1862710237772573,-0.418077158140422,0.675328745331237,-0.09227483353597288,0.49741520841155135,-1.3196045030486936,0.4496014388117547,-1.09776212520345,0.18895256078278097,-0.20978440474634713,0.6449537276656453,-0.2501326687269887,-0.8865214022492534,-1.0987972149572356,-0.6719276097828122
Mississippi State University,No,4255,3277,1609,18,57,10094,1621,9866,3084,480,1479,77.0,77,15.9,20,6223,53,6.2607865668980205,Medium,1,0,0.9995115899350759,1.24799165497339,-0.41769469988544683,1.4548585971366912,1.0703723111886714,-0.01610384090631533,-0.37900648471193404,0.4269933387118193,0.18895256078278097,-0.35347352257287784,0.5014836937996878,-0.07789765626183243,-0.8600479604830834,0.3581403891754813,0.15798364843389665
Mississippi University for Women,No,480,405,380,19,46,1673,1014,4386,2217,600,1500,49.0,54,15.8,8,5704,63,4.973307273796865,Low,0,0,-1.130753251947189,-0.17903891237415498,-0.3392340437249904,-0.10597880293695448,0.7330114910364504,-1.7981849544271413,0.4496014388117547,0.4565508868862346,-1.4532552942898984,-1.6057345224000523,0.47736869024981116,-1.310419180097965,-1.1354121026551938,-1.0987972149572356,0.6586137081000049
Missouri Southern State College,No,1576,1326,913,13,50,3689,2200,3840,2852,200,400,52.0,54,20.3,9,4172,100,5.700042403430177,Low,0,0,0.11534282137939991,0.7250474060118076,-0.8676768730139961,0.6567357707654795,1.2985527019115968,-2.045983328948151,-3.409405941609676,-2.1844360205206956,-1.3124058333016602,-1.6057345224000523,1.5104862816404492,-1.18236541463741,-2.238896455221811,-1.0987972149572356,0.6424280464371165
Missouri Valley College,Yes,1310,983,316,5,35,1057,175,8550,5050,400,900,35.0,67,17.4,16,4333,27,5.591124550467893,Low,0,1,-0.18955042569140326,-0.38523975970161506,-1.9916231295773121,-0.6134135048771966,-0.4001047041054975,-0.3678919688749011,-1.0385747644227592,-0.5948985251698033,-1.999339635780793,-0.9851988400469104,0.8564097284492161,-0.4323290036172367,-2.095137673989544,-1.0987972149572356,0.023494934030623495
Monmouth College IL,Yes,601,503,204,28,57,671,11,13000,4100,400,460,91.0,91,11.6,43,11087,56,5.115593064922806,Medium,1,1,-0.8953784504068211,-0.8985167294850508,0.2564541555541443,-1.1683997786233544,-1.8298731617089106,0.7124516289319573,-1.0385747644227592,-1.9172502443319375,1.285569340238181,0.7816568116943878,-0.5968513856813783,1.4783988095896108,0.671031984931584,0.3581403891754813,0.6122794462548408
Monmouth College,Yes,2707,1881,478,14,34,1893,847,12480,5290,530,1740,70.0,85,14.2,15,9492,54,6.010472279560831,Medium,1,1,0.4635961371870448,0.06947392682514149,-0.7684736752694478,0.02206057533204511,0.6076971359324965,0.6002430654648441,-0.013985659609939928,0.7695852834024004,-0.2904376445599966,0.25767565625110594,0.0830645638304953,-0.5277223720549751,0.3051838641850553,0.3581403891754813,-0.3541447270152595
Montana College of Mineral Sci. & Tech.,No,572,544,320,45,72,1470,416,6073,3400,550,1400,71.0,71,16.4,31,6112,74,5.0844908520758825,Low,0,0,-0.811132501356508,-0.37098989760362294,1.0705183742130722,-0.24380491106868193,0.13380907960697694,-1.141701429010402,0.12366360001576755,0.31220519615957604,-0.2247648828620271,-0.7494672137091747,0.621184811174139,0.7420738947418721,-0.9158972344651218,-1.0987972149572356,1.3884927270586056
Montana State University,No,3500,2836,1779,15,42,8730,993,5552,3710,550,2300,75.0,83,17.6,8,6324,37,6.15368376725217,Low,0,0,0.8619543866720845,1.336035291760256,-0.6744109272506593,1.3503142996474367,0.7183237382392701,-1.3300133807260348,0.12366360001576755,1.3674797929567883,0.0472975055627926,0.09569733284866454,0.9028169700855416,-1.310419180097965,-0.8105489177654445,-1.0987972149572356,0.43097979566641287
Montclair State University,No,5220,2128,865,19,53,6411,3186,3648,4834,700,950,82.0,87,21.5,9,6717,58,6.37124490742173,Low,0,0,0.5844905015256148,0.6727908578941864,-0.3392340437249904,1.1166147503392894,1.5846146929017697,-2.1386086248808036,1.0360807080301793,-0.4854840926797661,0.5594977786457802,0.4259346495311623,1.7703640987717493,-1.18236541463741,-0.6289803295052765,-1.0987972149572356,-2.3077794288064197
Montreat-Anderson College,Yes,263,223,103,10,24,316,20,8438,3372,500,2958,42.0,50,11.1,4,11989,15,4.580872386653079,Low,0,1,-1.7974151391746045,-1.7722654599603764,-1.204141438433242,-2.2187906689819967,-1.5531623993304815,-0.399432688473765,-0.2291946039516519,1.9173214267048797,-1.749184136414518,-1.7549633934685398,-0.7341609556836695,-1.9198799308640517,0.8439180686922896,-1.0987972149572356,0.68690271625352
Moorhead State University,No,2442,2164,1189,12,37,5983,1075,4426,2664,600,1000,75.0,81,18.1,19,4795,60,5.9522893333701425,Low,0,0,0.6008489233454507,0.9744759554496015,-0.9727316677869278,1.0621180219031379,0.7741724525366295,-1.7808474609993439,0.4496014388117547,-0.38127720177114266,0.0472975055627926,-0.060091883356808096,1.0179463816947247,-0.16286735762255852,-1.7246919599680892,-1.0987972149572356,0.9470914231398617
Moravian College,Yes,1232,955,303,23,58,1241,485,14990,4730,550,1250,86.0,92,15.2,28,9566,74,5.554630426981953,Medium,1,1,-0.21932245211900656,-0.43302986244091857,-0.053119072030679164,-0.430240142165721,0.23329315280482474,1.116502677554239,0.12366360001576755,0.07669669114387034,0.8728148827034736,0.8746535950171559,0.33141144399481504,0.5357515534995189,0.32421649717572715,0.3581403891754813,0.19206025897226406
Morehouse College,Yes,3708,1678,722,41,66,2852,153,7050,5490,250,600,71.0,74,17.8,10,8122,83,6.1854962782373955,Low,0,1,0.35077187920667224,0.49475945491402457,0.9029060992795955,0.4228600019340756,-0.47892596256981107,-0.81539007164612,-2.669140354284214,-1.4016057556008417,-0.2247648828620271,-0.5579571392876599,0.9490194931800552,-1.060970526681064,-0.09428562614258186,-1.0987972149572356,-2.002545364806887
Morningside College,Yes,586,533,239,16,36,950,228,10520,3678,500,1000,48.0,68,13.0,32,8111,56,5.099711832535349,Medium,1,1,-0.8330510211553172,-0.7088084284580587,-0.5849046607537621,-0.7388440564582319,-0.24179621121322845,0.14730874547157527,-0.2291946039516519,-0.38127720177114266,-1.498334943952575,-0.9283307329438812,-0.22412911897517096,0.808539510579746,-0.09790909341634721,0.3581403891754813,1.1062476078639214
Morris College,Yes,882,730,330,2,13,926,12,4515,2550,850,2100,53.0,60,18.6,34,6990,60,5.353068841473647,Low,0,1,-0.4989843367402065,-0.33624595907368526,-2.8396721073260265,-0.7693537765588416,-1.7906089740186033,-1.7426375422051703,1.7915241613760515,1.171185067061469,-1.2635854783881688,-1.3460179845367914,1.1318449172048743,0.9383237726310382,-0.5122181507519814,-1.0987972149572356,0.5491947203596111
Mount Holyoke College,Yes,1800,1314,526,47,79,1891,40,19300,5700,750,750,79.0,91,9.0,51,18359,84,5.7774424131470035,High,2,1,0.10617500687093336,0.17056176327416073,1.1501937769220463,0.020979657316502955,-1.211189781762898,1.8838544256866507,1.3023649764046783,-0.9606431574678065,0.3343576374315665,0.7816568116943878,-1.3393806834015403,1.9107498885325442,1.6671874383742777,1.8150779933081982,-0.11514724291492544
Mount Marty College,Yes,279,276,126,17,37,600,435,6844,2980,500,500,45.0,55,11.7,38,5073,44,4.620159707603177,Low,0,1,-1.5560260296854833,-1.5049785800313094,-0.4994689411839057,-1.313668369839305,0.1626053268429564,-0.8815958708025662,-0.2291946039516519,-1.7565250579131293,-1.6279649723564091,-1.5654940694465738,-0.5696679334896119,1.186525502100285,-1.5272630165548016,-1.0987972149572356,1.6483292102548694
Mount Mary College,Yes,235,217,121,12,32,931,487,8950,3119,550,1125,51.0,51,10.7,26,7016,78,4.505518575546393,Medium,1,1,-1.8285491441647388,-1.5580142934065944,-0.9727316677869278,-0.7629186781271848,0.23598171116388988,-0.2574130404925574,0.12366360001576755,-0.14048620591693609,-1.3602908492103485,-1.7193887069886764,-0.845749676894635,0.3918121831278882,-0.5014647257943616,0.3581403891754813,1.2004453770945607
Mount Mercy College,Yes,368,317,159,20,49,806,542,10500,3555,500,2285,44.0,50,11.3,30,6695,64,4.802109774697577,Medium,1,1,-1.401130506235735,-1.2065910277498813,-0.2637884142137955,-0.9378525563862268,0.30627321086797704,0.1424118724317926,-0.2291946039516519,1.3533171893445106,-1.669305736682963,-1.7549633934685398,-0.6789541283407586,0.6744919519989533,-0.6387083356340864,0.3581403891754813,0.7787629240961125
Mount Saint Clare College,Yes,325,284,95,16,33,364,88,9900,3650,500,1200,32.0,37,13.6,43,6525,21,4.720905162716025,Medium,1,1,-1.5239487761268324,-1.8818309761633154,-0.5849046607537621,-2.008108234925843,-0.7926275114108623,-0.007435867506012867,-0.2291946039516519,-0.007652219826546156,-2.0925487956392046,-2.1196483779539492,-0.06921364143108587,1.4783988095896108,-0.7155779285019678,0.3581403891754813,0.8633365970836678
Mount Saint Mary's College,Yes,1321,1159,328,15,36,1243,79,12850,6200,550,900,77.0,82,12.8,36,8536,80,5.596082925953245,Medium,1,1,-0.020995332133740052,-0.34309674714668065,-0.6744109272506593,-0.42843457418823366,-0.8518455715140616,0.6803911120003983,0.12366360001576755,-0.5948985251698033,0.18895256078278097,0.01703484187169807,-0.27638263533977875,1.0642129526815685,0.03681229130161451,0.3581403891754813,0.8872771231352798
Mount Saint Mary College,Yes,1170,695,238,14,48,1170,429,7470,4600,250,1400,74.0,75,15.3,23,6898,88,5.523807883875048,Low,0,1,-0.5506922294520958,-0.7137726579415359,-0.7684736752694478,-0.49673720789139514,0.1536363248892522,-0.6842446310366418,-2.669140354284214,0.31220519615957604,-0.022123945179242006,-0.4912534379026085,0.35589122750062535,0.16480224108923644,-0.5507695367467623,-1.0987972149572356,-1.0401429585642192
Mount St. Mary's College,Yes,657,537,113,37,90,1039,466,12474,5678,630,1278,53.0,71,11.9,19,10613,72,5.171338417261868,Medium,1,1,-0.8250251559955889,-1.6483602351139295,0.7226458157909562,-0.6334019862108408,0.20724118805424357,0.5989305859128776,0.6339700077405097,0.12257708758583981,-1.2635854783881688,-0.7494672137091747,-0.5155706927336406,-0.16286735762255852,0.57121250945797,0.3581403891754813,0.47904401577003103
Mount Union College,Yes,1310,1086,458,26,61,1365,144,12250,3530,400,1150,85.0,87,16.7,35,7215,81,5.591124550467893,Medium,1,1,-0.08734358756642491,0.02383984871169172,0.13799295441079093,-0.32454198313995414,-0.5141529033467143,0.5496316382343792,-1.0385747644227592,-0.09532026038541107,0.7930785944456105,0.4259346495311623,0.6923240937679691,1.0017342937327451,-0.42114799828728816,0.3581403891754813,0.5583317964048399
Mount Vernon Nazarene College,Yes,510,485,334,18,36,1114,94,7400,3346,600,600,57.0,57,19.8,7,6869,58,5.011907246676032,Low,0,1,-0.9347132659851797,-0.3226869367651791,-0.41769469988544683,-0.552755053050713,-0.7561123349498996,-0.7057596657603669,0.4496014388117547,-1.4016057556008417,-1.0589485972397998,-1.481398373568703,1.4004471709358843,-1.4463049754933548,-0.5630864110405578,-1.0987972149572356,1.3880263693131742
Muhlenberg College,Yes,2519,1836,462,30,61,1656,352,16975,4565,600,850,76.0,86,12.8,39,10888,83,5.969867825956235,High,2,1,0.4397481701069985,0.033148300375476364,0.3687770077049723,-0.11671956519865996,0.02721611181237335,1.4857875891230328,0.4496014388117547,-0.7100928488101287,0.1176563164912192,0.3410143789166372,-0.27638263533977875,1.2464286838639715,0.6299413831866394,1.8150779933081982,-0.12289737550517457
Murray State University,No,2225,1910,1190,29,55,5968,955,4738,3110,700,940,72.0,76,20.2,27,5972,52,5.899356860910613,Low,0,0,0.4786438113890382,0.9752538185635835,0.3133361961439693,1.0601225176168763,0.6910194270697844,-1.6490231242923845,1.0360807080301793,-0.5069333484443382,-0.1581550637201262,-0.4230962065588109,1.4885635747884411,0.464466880638092,-0.988609633554513,-1.0987972149572356,0.7584507489458633
Muskingum College,Yes,1109,922,375,24,46,1115,70,13240,3914,600,800,73.0,85,13.4,27,9333,73,5.491722699819546,Medium,1,1,-0.2556328122978233,-0.19365405258009072,0.012544204192919739,-0.5517248463097829,-0.9174876980877469,0.7632467647761073,0.4496014388117547,-0.8317407990918487,-0.09060810988813835,0.25767565625110594,-0.12055104982347017,0.464466880638092,0.26350460425086814,0.3581403891754813,0.5744667542321619
National-Louis University,Yes,513,347,279,23,48,2508,505,9090,4500,650,500,62.0,65,18.3,2,7905,71,5.015632569068468,Medium,1,1,-1.3008016206125843,-0.5278077443510664,-0.053119072030679164,0.3010145825303664,0.2597408629272588,-0.21951294018390313,0.7526774067369608,-1.7565250579131293,-0.7820953142680762,-1.094880026424442,1.0636508731902279,-2.329357208369601,-0.16719745956234305,0.3581403891754813,-0.479660038466204
Nazareth College of Rochester,Yes,947,798,266,36,68,1274,471,10850,5150,550,800,77.0,93,13.6,24,8797,61,5.396365875599608,Medium,1,1,-0.40569893364125426,-0.5831604225440965,0.675328745331237,-0.40089300828616137,0.2141884772793757,0.22723878076167214,0.12366360001576755,-0.8317407990918487,0.18895256078278097,0.9692990979140862,-0.06921364143108587,0.24207061628816592,0.11452965754145428,0.3581403891754813,0.6512062468912445
New Jersey Institute of Technology,No,1879,1216,483,27,62,3311,1646,8832,5376,700,1850,92.0,98,13.5,19,12529,72,5.802298962839009,Medium,1,0,0.027776176340952547,0.08053884418559284,0.19803987368047105,0.5600881790331139,1.0816436938410687,-0.28966104686054833,1.0360807080301793,0.8998829173504316,1.3709352724803292,1.467641878959388,-0.09484535878691201,-0.16286735762255852,0.9381177434833989,0.3581403891754813,-0.6786986631559668
New Mexico Institute of Mining and Tech.,No,787,601,233,40,73,1017,411,5376,3214,600,1100,99.0,100,13.7,11,9241,34,5.283207392816426,Low,0,0,-0.7046581332977051,-0.738959994686081,0.8591123720558882,-0.6584133986484774,0.12603424105220834,-1.396243482107757,0.4496014388117547,-0.18659120673062196,1.9947778099275253,1.6789026453905742,-0.043655143285563025,-0.9453261344609437,0.23888457237644373,-1.0987972149572356,0.11381434544968662
New York University,Yes,13594,7244,2505,70,86,12408,2814,17748,7262,450,1000,87.0,98,7.8,16,21227,71,6.867167369901742,High,2,1,1.7304646339978482,1.6260515926943788,1.9228546444162873,1.597886409710886,1.4875334508014404,1.621901635050351,-0.6142542984789047,-0.38127720177114266,0.9534892875353681,1.467641878959388,-1.7100169908089125,-0.4323290036172367,1.9069021322888502,1.8150779933081982,-1.4560007995477824
Newberry College,Yes,872,722,154,14,36,601,36,10194,2600,500,1500,57.0,63,11.4,32,5788,83,5.346104918749001,Medium,1,1,-0.5105660135598495,-1.246947559631307,-0.7684736752694478,-1.311479143516128,-1.264692158327937,0.06671342579414018,-0.2291946039516519,0.4565508868862346,-1.0589485972397998,-1.199238322126377,-0.6514933665420364,0.808539510579746,-1.0882727843289703,0.3581403891754813,0.5513527636856957
Niagara University,Yes,2220,1796,467,65,99,1919,334,10320,4762,450,650,68.0,100,14.2,20,7788,65,5.89807278537046,Medium,1,1,0.4180193370311913,0.04465399170657096,1.7730824130587486,0.03598708911959885,-0.005914869171841798,0.0980617514579351,-0.6142542984789047,-1.2442682363007733,-0.4189723100864871,1.6789026453905742,0.0830645638304953,-0.07789765626183243,-0.20780387195287606,0.3581403891754813,0.42229527092734226
North Adams State College,No,1563,1005,240,1,19,1380,136,5542,4330,500,1000,65.0,71,14.2,17,6562,57,5.695193533672168,Low,0,0,-0.16678732253452225,-0.7038680989732606,-3.3612688093227097,-0.31255278187127394,-0.5471730267600209,-1.333739193520609,-0.2291946039516519,-0.38127720177114266,-0.6047483730462211,-0.7494672137091747,0.0830645638304953,-0.3398815888114029,-0.6985862721727822,-1.0987972149572356,-0.7069859961073377
North Carolina A. & T. State University,No,4809,3089,1429,12,33,6162,871,6806,1780,600,1651,72.0,72,16.7,9,7090,44,6.327125244493902,Low,0,0,0.9434485542377147,1.142231590092682,-0.9727316677869278,1.0854704640690527,0.6270083601755231,-0.8939510962294311,0.4496014388117547,0.6584548487864337,-0.1581550637201262,-0.6870519494859656,0.6923240937679691,-1.18236541463741,-0.4711923484974094,-1.0987972149572356,-0.7114548147879275
North Carolina State University at Raleigh,No,10634,7064,3176,39,78,16505,5481,8400,6540,600,1300,92.0,98,17.5,21,9670,62,6.743203247869614,Low,0,0,1.7078890940909774,1.8184138317167609,0.8144962912549331,1.785257225290381,2.02307212187992,-0.4101964618018934,0.4496014388117547,0.15797762173098692,1.3709352724803292,1.467641878959388,0.8796391417393972,0.004942020606680277,0.35058450733727714,-1.0987972149572356,-0.5621642774636595
North Carolina Wesleyan College,Yes,812,689,195,7,24,646,84,8242,4230,600,1295,77.0,77,12.7,11,10090,52,5.302435344934527,Low,0,1,-0.5598355119884311,-0.9534237636293776,-1.6267810138219474,-1.2173203479373083,-0.8182388420878753,-0.4552973717633608,0.4496014388117547,0.14998102338192104,0.18895256078278097,-0.35347352257287784,-0.3026284436876273,-0.9453261344609437,0.4527750480063785,-1.0987972149572356,0.6910753947257054
North Central College,Yes,1127,884,308,30,64,1310,766,11718,7398,450,1800,73.0,87,16.4,33,8871,76,5.501383581862471,Medium,1,1,-0.29920671217251305,-0.4143740765445859,0.3687770077049723,-0.369916637404251,0.5386644382875547,0.4301245042866015,-0.6142542984789047,0.8415717373961816,-0.09060810988813835,0.4259346495311623,0.621184811174139,0.8739402534841448,0.13592047314028685,0.3581403891754813,0.2547840825934655
North Dakota State University,No,2968,2297,1610,13,47,7368,1128,5834,2744,600,2000,79.0,83,17.0,24,6310,42,6.062088646643155,Low,0,0,0.6588570811915526,1.248540472300957,-0.8676768730139961,1.2238834011408197,0.8082604696171843,-1.2267120141059193,0.4496014388117547,1.066451766681205,0.3343576374315665,0.09569733284866454,0.7629678942848166,0.24207061628816592,-0.8173371527370114,-1.0987972149572356,0.18362198066940608
North Park College,Yes,465,361,176,19,39,879,156,12580,4345,400,970,76.0,79,13.1,24,10889,74,4.953024692753351,Medium,1,1,-1.2571122558723742,-1.0795968542171843,-0.3392340437249904,-0.8319934696566976,-0.4675980676605612,0.6220569582239497,-1.0385747644227592,-0.4432055516526116,0.1176563164912192,-0.20978440474634713,-0.1981197138629203,0.24207061628816592,0.6301507601355214,0.3581403891754813,0.2000988588338023
Northeast Missouri State University,No,6040,4577,1620,36,72,5640,266,4856,3416,400,1100,69.0,72,15.7,13,6601,76,6.449093321187228,Low,0,0,1.3122847393220165,1.2540071147372311,0.675328745331237,1.0148945562698897,-0.14762845649391362,-1.6006548393595166,-1.0385747644227592,-0.18659120673062196,-0.3551734271494861,-0.6870519494859656,0.4531942340637835,-0.7285459060471434,-0.6808353813309567,-1.0987972149572356,0.07383039711171832
Northeastern University,Yes,11901,8492,2517,16,42,11160,10221,13380,7425,600,1750,73.0,82,12.9,17,9563,46,6.800301306257198,Medium,1,1,1.8721718110754175,1.6299945253589476,-0.5849046607537621,1.5252359346605333,2.5565749719739888,0.7925984055207709,0.4496014388117547,0.7817410839369675,-0.09060810988813835,0.01703484187169807,-0.2502164792374274,-0.3398815888114029,0.32344932414554367,0.3581403891754813,-0.22702128873222338
Northern Arizona University,No,5891,4931,1973,23,48,11249,2682,6746,3728,620,2342,78.0,83,21.7,7,6157,41,6.435824754102169,Low,0,0,1.381044070719975,1.4253575507046292,-0.053119072030679164,1.5307384634333845,1.4502857346707396,-0.9135519513977952,0.5733801240946069,1.4066848531844798,0.2611863106631819,0.09569733284866454,1.813122382800205,-1.4463049754933548,-0.8930685147799067,-1.0987972149572356,0.612967266469268
Northern Illinois University,No,10706,7219,2397,12,37,14826,1979,7799,3296,470,1750,73.0,78,17.3,11,6086,56,6.746639259294925,Low,0,0,1.7273652337053012,1.5895541009422456,-0.9727316677869278,1.7161752868027162,1.2186775488287007,-0.5848598009901799,-0.4559627311617417,0.7817410839369675,-0.09060810988813835,-0.28237352323745246,0.8331283179455142,-0.9453261344609437,-0.9292056824217575,-1.0987972149572356,-0.4940704766495546
Northwest Missouri State University,No,2729,2535,1257,8,29,4787,472,3735,3136,250,1630,62.0,65,21.7,23,5284,54,6.015025069899576,Low,0,0,0.7542171399110094,1.025719413346419,-1.4730544512765091,0.8804819321715971,0.21556995474047796,-2.096250590745348,-2.669140354284214,0.631425288232206,-0.7820953142680762,-1.094880026424442,1.813122382800205,0.16480224108923644,-1.3882216068549986,-1.0987972149572356,1.2379085623816561
Northwest Nazarene College,Yes,616,514,385,29,52,1115,60,9840,2820,450,822,59.0,59,14.8,20,6261,58,5.131054660572879,Medium,1,1,-0.8720744828559045,-0.16464391628379804,0.3133361961439693,-0.5517248463097829,-1.000017635415509,-0.02274554130217709,-0.6142542984789047,-0.777372599373459,-0.9510154817010009,-1.392393977623881,0.23285911133526874,-0.07789765626183243,-0.841280087760175,0.3581403891754813,0.5951182682778863
Northwestern College,Yes,860,811,366,22,56,1040,52,9900,3075,300,1800,68.0,68,14.9,34,6357,68,5.337634238870248,Medium,1,1,-0.38883507671599943,-0.22053657570559232,-0.12094221917214974,-0.6322804739620876,-1.0755146028246894,-0.007435867506012867,-2.048308048513365,0.8415717373961816,-0.4189723100864871,-0.9283307329438812,0.25759334859915606,0.9383237726310382,-0.7946393967190328,0.3581403891754813,1.3338995879149773
Northwestern University,Yes,12289,5200,1902,85,98,7450,45,16404,5520,759,1585,96.0,100,6.8,25,26385,92,6.816489203646736,High,2,1,1.4298532960161199,1.3938918606031245,2.328985093693537,1.2322770374235155,-1.1507160945452137,1.3826050488587693,1.3486447395184986,0.5724019853941207,1.7217844915537215,1.6789026453905742,-2.036203154870672,0.31770887154146105,2.232585516876774,1.8150779933081982,-2.2024811909547766
Norwich University,Yes,1743,1625,626,8,29,1862,382,14134,5270,500,800,71.0,74,13.1,22,9209,63,5.758769802631075,Medium,1,1,0.31890323650928265,0.35066623008694914,-1.4730544512765091,0.005147973043358322,0.07918403546691355,0.9473048279223203,-0.2291946039516519,-0.8317407990918487,-0.2247648828620271,-0.5579571392876599,-0.1981197138629203,0.08579840488433134,0.2302322746314767,0.3581403891754813,1.2609611413278519
Notre Dame College,Yes,379,324,107,15,37,500,311,9990,4900,400,600,44.0,47,12.1,26,4948,33,4.821250591772475,Medium,1,1,-1.3768384831447806,-1.7211042660661955,-0.6744109272506593,-1.558246388907632,-0.05067400576780651,0.015414767758354089,-1.0385747644227592,-1.4016057556008417,-1.669305736682963,-1.854952083311673,-0.4618260387652622,0.3918121831278882,-1.6139170936026428,0.3581403891754813,0.734331856195785
Oakland University,No,3041,2581,1173,16,56,6441,3982,9114,4030,400,650,88.0,90,19.7,13,6637,53,6.075656439234052,Medium,1,0,0.771541302837124,0.9619265318804608,-0.5849046607537621,1.1202673821558295,1.7620138884653844,-0.2130543614146971,-1.0385747644227592,-1.2442682363007733,1.0351018728628827,0.6902976719925955,1.3783101875984967,-0.7285459060471434,-0.6645929172857235,0.3581403891754813,0.6925161315041629
Oberlin College,Yes,4778,2767,678,50,89,2587,120,19670,5820,575,1119,77.0,96,10.1,47,16593,83,6.323634785548198,High,2,1,0.8383749509058105,0.4316450364297553,1.2651043449994013,0.33072841973188627,-0.6188310905150503,1.9442453259620027,0.2897201272175073,-0.1514642432737733,0.18895256078278097,1.2632379969775114,-1.0162263078285314,1.6993804724452455,1.4886487505922559,1.8150779933081982,-1.1415277138917082
Occidental College,Yes,2324,1319,370,52,81,1686,35,16560,5140,558,1152,91.0,93,10.5,30,16196,79,5.924162861840283,High,2,1,0.11000576441484457,-0.2084957069868163,1.3388902885586311,-0.09785464923877887,-1.2789032854925582,1.4110262795548678,0.17750483379692922,-0.09174636885709443,1.285569340238181,0.9692990979140862,-0.9021518863751777,0.6744919519989533,1.4444266857341659,1.8150779933081982,-1.2201395230955783
Oglethorpe University,Yes,792,649,186,56,87,769,377,12900,4340,600,4110,91.0,95,13.1,27,8568,67,5.287104922158681,Medium,1,1,-0.6230543298108625,-1.0113347037556053,1.4803479884652577,-0.9960743700299987,0.07078414185244954,0.6911051395485793,0.4496014388117547,2.6517364721562924,1.285569340238181,1.1635803366973685,-0.1981197138629203,0.464466880638092,0.046536916303246495,0.3581403891754813,0.49328017155835296
Ohio Northern University,Yes,2936,2342,669,35,62,2502,66,15990,4080,600,825,73.0,78,14.5,31,9979,83,6.056027842749199,High,2,1,0.6776742897967483,0.41815290080248924,0.6270233788095004,0.29871132648458665,-0.949138442282059,1.3063082494435967,0.4496014388117547,-0.7700634020695872,-0.09060810988813835,-0.28237352323745246,0.15826329539749684,0.7420738947418721,0.42641347989232603,1.8150779933081982,0.3452587102715488
Ohio University,No,11023,8298,3183,21,54,14861,1310,7629,4095,550,2300,79.0,87,20.4,13,8811,64,6.761478018586754,Low,0,0,1.8516655458228641,1.8201656750955622,-0.1910995085854955,1.7177111480100535,0.9152518309651748,-0.6358621845925833,0.12366360001576755,1.3674797929567883,0.3343576374315665,0.4259346495311623,1.532367013874801,-0.7285459060471434,0.11859781231464181,-1.0987972149572356,0.039874465743762175
Ohio Wesleyan University,Yes,2190,1700,458,36,65,1780,48,16732,5650,550,550,93.0,93,12.1,32,12011,75,5.890302587750045,High,2,1,0.36368557121025114,0.02383984871169172,0.675328745331237,-0.041295405480533266,-1.1172801877673058,1.44215936800973,0.12366360001576755,-1.5715860927236946,1.4572396942508257,0.9692990979140862,-0.4618260387652622,0.808539510579746,0.8478830787309943,1.8150779933081982,0.1994976839266112
Oklahoma Baptist University,Yes,758,681,484,35,59,1707,705,5390,3140,515,1290,63.0,71,15.1,18,5511,50,5.2600646919174325,Low,0,1,-0.5721598685204016,0.08273597384868624,0.6270233788095004,-0.08489100248516802,0.48218803881857747,-1.3909234819232947,-0.12022466923149915,0.14195578669882095,-0.7239160936184083,-0.7494672137091747,0.30686892312721825,-0.2501326687269887,-1.2478916300693557,-1.0987972149572356,1.0304739465259514
Oklahoma Christian University,Yes,776,765,351,22,44,1419,228,6400,3150,500,1900,58.0,64,16.2,8,6578,45,5.274538503828361,Low,0,1,-0.44986175292915015,-0.2670805907577139,-0.12094221917214974,-0.28211010117224,-0.24179621121322845,-1.0288789635676352,-0.2291946039516519,0.956752752058499,-1.0054500100654609,-1.1477182127095475,0.5734771377015533,-1.310419180097965,-0.6912842205744246,-1.0987972149572356,1.6250478856166704
Oklahoma State University,No,4522,3913,2181,29,57,12830,1658,5336,3344,800,3100,84.0,92,15.3,14,6433,48,6.293846781815404,Low,0,0,1.1664571704061177,1.5105116813642911,0.3133361961439693,1.6204599530494332,1.086999257554847,-1.4114938112785376,1.5536080298286021,2.020927484273434,0.7142803580969322,0.8746535950171559,0.35589122750062535,-0.6263490551654358,-0.7584791088066984,-1.0987972149572356,0.8053737292583841
Otterbein College,Yes,1496,1205,428,26,57,1648,936,12888,4440,420,840,62.0,68,13.9,30,8802,87,5.669497024992601,Medium,1,1,0.018557094777924825,-0.0491067053906913,0.13799295441079093,-0.12182065199204371,0.6769980867983897,0.6885362644273548,-0.8635857371871479,-0.7338825410642374,-0.7820953142680762,-0.9283307329438812,0.007245147886748601,0.6744919519989533,0.1159837155745499,0.3581403891754813,0.39829864407223986
Ouachita Baptist University,Yes,910,773,450,31,73,1310,61,6530,2800,500,1500,63.0,67,13.3,10,6413,65,5.3721260938142565,Low,0,1,-0.438971129016491,0.004938412362080209,0.42285937607467217,-0.369916637404251,-0.9912281496306625,-0.9850785240587809,-0.2291946039516519,0.4565508868862346,-0.7239160936184083,-0.9851988400469104,-0.14633148248231995,-1.060970526681064,-0.7679308655684332,-1.0987972149572356,0.6973905218509043
Our Lady of the Lake University,Yes,2308,1336,295,22,46,1202,942,8530,3644,616,1576,56.0,64,14.9,25,7114,37,5.920231498377636,Low,0,1,0.12291516156810545,-0.4636302335001798,-0.12094221917214974,-0.46617441422578015,0.6814533752195652,-0.3735042485964829,0.548905533846895,0.5604113933217344,-1.1115113391571876,-1.1477182127095475,0.25759334859915606,0.31770887154146105,-0.4614787189479588,-1.0987972149572356,-1.1432721411267766
Pace University,Yes,8256,3750,1522,37,70,5809,4379,11000,5160,660,1115,90.0,95,13.8,10,10059,62,6.613091328236545,Medium,1,1,1.1265972103333677,1.198677597356468,0.7226458157909562,1.0385868662355267,1.8388062589232614,0.26304304288094843,0.8108421980583805,-0.15881325414349018,1.2011418370759805,1.1635803366973685,-0.018169123018266124,-1.060970526681064,0.44545797936702314,0.3581403891754813,-1.9911171233848066
Pacific Lutheran University,Yes,1603,1392,504,31,68,2580,302,13312,4488,600,1516,78.0,78,11.0,23,9431,83,5.7099774615088545,Medium,1,1,0.16423050717642868,0.1256102869210365,0.42285937607467217,0.3281404783037218,-0.06900478214199397,0.7783672242636009,0.4496014388117547,0.47881486239819887,0.2611863106631819,-0.28237352323745246,-0.7619093999483375,0.16480224108923644,0.2893218839079174,0.3581403891754813,0.8260984518723024
Pacific Union College,Yes,940,668,385,20,48,1316,139,11925,3825,630,1926,48.0,87,12.3,12,9157,69,5.391858778863551,Medium,1,1,-0.5925208943263433,-0.16464391628379804,-0.2637884142137955,-0.3648548132680998,-0.5345902777664516,0.4770398521241707,0.6339700077405097,0.9857796287851013,-1.498334943952575,0.4259346495311623,-0.4084259016153431,-0.8347120348951067,0.21607293964752927,0.3581403891754813,-0.2468512345770413
Pacific University,Yes,943,849,288,41,71,1041,35,14210,3994,450,1100,76.0,76,10.9,22,11216,42,5.393794785885336,Medium,1,1,-0.3411501357394422,-0.49120131495986397,0.9029060992795955,-0.6311602754168675,-1.2789032854925582,0.9625950037563699,-0.6142542984789047,-0.18659120673062196,0.1176563164912192,-0.4230962065588109,-0.7897561601567338,0.08579840488433134,0.6970660064402734,0.3581403891754813,1.0434067882226223
Pembroke State University,No,944,774,440,14,34,2174,529,6360,2760,550,1498,77.0,77,15.0,5,6443,48,5.394438653630992,Low,0,0,-0.43761828020248633,-0.01924087892737898,-0.7684736752694478,0.1614484026985064,0.2902595832078523,-1.0424734859036977,0.12366360001576755,0.45375244544118093,0.18895256078278097,-0.35347352257287784,0.2822630870249347,-1.7484034784636024,-0.7537702079521837,-1.0987972149572356,0.49648275822259835
Pennsylvania State Univ. Main Campus,No,19315,10344,3450,48,93,28938,2025,10645,4060,512,2394,77.0,96,18.1,19,8992,63,7.040672847296242,Medium,1,0,2.04589872637729,1.8838551542076258,1.1890885687490678,2.1215012615845956,1.235943436070582,0.17777648132971624,-0.14179539883908043,1.4543323149585328,0.18895256078278097,1.2632379969775114,1.0179463816947247,-0.16286735762255852,0.170310827182809,0.3581403891754813,-1.4379055359751056
Pepperdine University,Yes,3821,2037,680,86,96,2488,625,18200,6770,500,700,95.0,98,11.6,13,16185,66,6.20198609382379,High,2,1,0.5417841529648038,0.43461524159518944,2.354101083761265,0.293310779140834,0.40103590338053213,1.6996951338517094,-0.2291946039516519,-1.09776212520345,1.632664244935875,1.467641878959388,-0.5968513856813783,-0.7285459060471434,1.4431776157179133,1.8150779933081982,-1.4544746182974986
Peru State College,No,701,501,458,10,40,959,457,2580,2624,500,900,48.0,100,20.1,24,4870,44,5.211673854986479,Low,0,0,-0.899674039830938,0.02383984871169172,-1.204141438433242,-0.7276442458726137,0.1945650196537428,-2.7232092507461854,-0.2291946039516519,-0.5948985251698033,-1.498334943952575,1.6789026453905742,1.4665986044009738,0.24207061628816592,-1.6697198684887762,-1.0987972149572356,-0.21926794965274374
Pfeiffer College,Yes,838,651,159,11,25,654,162,8640,3700,400,1915,62.0,62,12.2,13,7634,48,5.321770128085581,Low,0,1,-0.6197955741404304,-1.2065910277498813,-1.0845174670653988,-1.2014181888893443,-0.44551928585790695,-0.34274287756054267,-1.0385747644227592,0.9735435765255882,-0.7820953142680762,-1.2494530951634284,-0.43508339754859504,-0.7285459060471434,-0.2627086709293968,-1.0987972149572356,0.20353779930329322
Philadelphia Coll. of Textiles and Sci.,Yes,1538,1259,468,19,42,1664,1042,11690,5062,600,1664,48.0,80,12.9,15,8028,68,5.685745980883667,Medium,1,1,0.06297802021240058,0.04693807982132777,-0.3392340437249904,-0.1116484284915398,0.752174465758969,0.4237367718403794,0.4496014388117547,0.6750283477361848,-1.498334943952575,-0.1356944211524122,-0.2502164792374274,-0.5277223720549751,-0.12549626589483603,0.3581403891754813,0.4875059369550036
Phillips University,Yes,692,576,174,19,50,597,83,10500,3860,600,940,58.0,64,11.6,19,8990,39,5.203648601302708,Medium,1,1,-0.7499673186352175,-1.0937862971100665,-0.3392340437249904,-1.3202628273561652,-0.8248132324389372,0.1424118724317926,0.4496014388117547,-0.5069333484443382,-1.0054500100654609,-1.1477182127095475,-0.5968513856813783,-0.16286735762255852,0.16974819996112464,0.3581403891754813,0.5812032083319486
Piedmont College,Yes,663,562,127,20,40,641,63,5640,3620,600,750,89.0,89,13.2,17,7309,31,5.177006580876351,Low,0,1,-0.7762683419391355,-1.4946627369472683,-0.2637884142137955,-1.2273816009701404,-0.9740319705249556,-1.2974147564820286,0.4496014388117547,-0.9606431574678065,1.1176527018812943,0.6005650532112241,-0.17218743851993448,-0.3398815888114029,-0.3843871007626564,-1.0987972149572356,0.6852252469486609
Pikeville College,Yes,404,400,169,28,48,797,100,6000,3000,500,500,48.0,57,13.4,14,5557,61,4.862622776085539,Low,0,1,-1.144353341375339,-1.1300989314251952,0.2564541555541443,-0.9517104153928454,-0.721640291085043,-1.1674301958517874,-0.2291946039516519,-1.7565250579131293,-1.498334943952575,-1.481398373568703,-0.12055104982347017,-0.6263490551654358,-1.220536883217599,-1.0987972149572356,1.6541227110106296
Pitzer College,Yes,1133,630,220,37,73,750,30,17688,5900,650,850,100.0,100,10.4,11,14820,73,5.504567135687119,High,2,1,-0.6545588138626988,-0.8074776554826101,0.7226458157909562,-1.0273153927462602,-1.3559697713457746,1.6114775799679804,0.7526774067369608,-0.7100928488101287,2.087653298069207,1.6789026453905742,-0.9305096236198235,-0.9453261344609437,1.2772327683754374,1.8150779933081982,-1.298434214859739
Point Loma Nazarene College,Yes,809,687,428,20,43,1889,217,10178,4190,800,750,71.0,71,16.1,19,7895,54,5.30016177093406,Medium,1,1,-0.5629022028990993,-0.0491067053906913,-0.2637884142137955,0.019897344884858746,-0.2717006389429036,0.0627145062529262,1.5536080298286021,-0.9606431574678065,-0.2247648828620271,-0.7494672137091747,0.5495374102901839,-0.16286735762255852,-0.17063178502208903,0.3581403891754813,0.695662667639358
Point Park College,Yes,875,744,207,7,38,1173,1402,9700,4830,400,1200,45.0,90,14.5,10,7652,66,5.3482030540821075,Medium,1,1,-0.47903922397421067,-0.880832690196907,-1.6267810138219474,-0.49382889549771775,0.9643233998613193,-0.05870817156231771,-1.0385747644227592,-0.007652219826546156,-1.6279649723564091,0.6902976719925955,0.15826329539749684,-1.060970526681064,-0.25620337050149916,0.3581403891754813,0.7030715586606741
Polytechnic University,Yes,1132,847,302,58,89,1379,214,16200,4200,436,2486,90.0,90,10.4,14,14329,62,5.504037801142214,High,2,1,-0.3436024815422025,-0.4368036320882189,1.5482723599064572,-0.3133471103113865,-0.28009340678382877,1.3451696241042976,-0.7287469520785289,1.536331653017786,1.2011418370759805,0.6902976719925955,-0.9305096236198235,-0.6263490551654358,1.2116499685694828,1.8150779933081982,0.008880451170797775
Prairie View A. and M. University,No,2405,2234,1061,10,22,4564,448,4290,3500,598,1582,75.0,93,19.4,1,5967,35,5.9436298077107335,Low,0,0,0.6318400872893458,0.8681541233453204,-1.204141438433242,0.840464394481643,0.18166184939151506,-1.8402230679700669,0.437026676513818,0.5684121415197002,0.0472975055627926,0.9692990979140862,1.3116354267818913,-2.5915300639706675,-0.9912550775306536,-1.0987972149572356,1.237816320788868
Presbyterian College,Yes,1082,832,302,34,63,1133,30,11859,3635,554,1429,80.0,85,13.4,42,8354,85,5.476911373204706,Medium,1,1,-0.3621947890616827,-0.4368036320882189,0.5776799288914052,-0.5333714638444964,-1.3559697713457746,0.4621398389290514,0.15066888890102867,0.3550234738488856,0.4084666114840554,0.25767565625110594,-0.12055104982347017,1.4214971999277994,-0.019585210066804658,0.3581403891754813,0.14977759286553077
Princeton University,Yes,13218,2042,1153,90,98,4540,146,19900,5910,675,1575,91.0,96,8.4,54,28320,99,6.853120120738465,High,2,1,0.5441831674398898,0.9459591985578121,2.452443922292768,0.8360158508577998,-0.5061565996033315,1.981410306111448,0.8966657965552619,0.559075194114214,1.285569340238181,1.2632379969775114,-1.5221214688076337,2.063646228817461,2.33053015414705,1.8150779933081982,-4.0299606298572845
Providence College,Yes,5139,3346,973,20,55,3717,1358,14400,6200,450,1100,66.0,74,18.4,35,8135,96,6.362851633369054,Medium,1,1,1.019229849254534,0.786080102174223,-0.2637884142137955,0.663410627600749,0.9412284493768915,1.0005868453678388,-0.6142542984789047,-0.18659120673062196,-0.5437597006270006,-0.5579571392876599,1.0864302146786262,1.0017342937327451,-0.09001309276925237,0.3581403891754813,-0.6518520840381163
Purdue University at West Lafayette,No,21804,18744,5874,29,60,26213,4065,9556,3990,570,1060,86.0,86,18.2,15,8604,67,7.099524725699029,Medium,1,0,2.5552800770330184,2.285414806581724,0.3133361961439693,2.0652346851094014,1.7786220096058747,-0.09605583656555074,0.25701902020397893,-0.262417202994713,0.8728148827034736,0.3410143789166372,1.040823052329025,-0.5277223720549751,0.05741037916067402,0.3581403891754813,0.7668298958277553
Queens College,Yes,516,392,154,32,62,630,549,11020,4970,610,1900,73.0,75,14.0,36,9315,58,5.019334593646747,Medium,1,1,-1.1664960964972941,-1.246947559631307,0.4756588429698257,-1.249857079077316,0.3147530959025511,0.2677926601421741,0.5119327660679461,0.956752752058499,-0.09060810988813835,-0.4912534379026085,0.03258838544133381,1.0642129526815685,0.2587171655003692,0.3581403891754813,0.0868123408579472
Quincy University,Yes,1025,707,297,22,66,1070,72,10100,4140,450,1080,69.0,71,16.3,32,6880,80,5.444296800355919,Medium,1,1,-0.5326562064282423,-0.455891177755806,-0.12094221917214974,-0.5992336650914178,-0.9022691057091234,0.04316040253595542,-0.6142542984789047,-0.22417915185443274,-0.3551734271494861,-0.7494672137091747,0.5973594417391935,0.808539510579746,-0.5584050678317484,0.3581403891754813,-0.38889810202500574
Quinnipiac College,Yes,3712,2153,806,17,45,2677,714,12030,6140,1000,500,63.0,73,12.0,33,8847,86,6.186089142653919,Medium,1,1,0.5958815755808914,0.6037771105286838,-0.4994689411839057,0.3632603571840615,0.4907911797800222,0.5006331677019721,2.4385556153715937,-1.7565250579131293,-0.7239160936184083,-0.6232192944825511,-0.48865480430561903,0.8739402534841448,0.1290131548058799,0.3581403891754813,-1.1354180535607017
Radford University,No,5702,4894,1742,15,37,8077,472,6684,4110,500,900,73.0,83,19.6,9,4519,62,6.418466483734567,Low,0,0,1.3741085076132935,1.317723570418919,-0.6744109272506593,1.2929472324042766,0.21556995474047796,-0.9339268603208138,-0.2291946039516519,-0.5948985251698033,-0.09060810988813835,0.09569733284866454,1.3561294433902287,-1.18236541463741,-1.938981577108127,-1.0987972149572356,0.7575553539845047
Ramapo College of New Jersey,No,2088,957,362,6,29,2745,1938,4449,4860,600,1655,74.0,95,17.8,8,7333,47,5.863003180312434,Low,0,0,-0.21716511155336057,-0.23273019403061607,-1.7978331880954055,0.386968324484403,1.2029807928286214,-1.770924973792436,0.4496014388117547,0.6635672183793232,-0.022123945179242006,1.1635803366973685,0.9490194931800552,-1.310419180097965,-0.37511798509969513,-1.0987972149572356,-1.9631037999176164
Randolph-Macon College,Yes,1771,1325,306,21,46,1071,27,13840,3735,400,900,77.0,80,10.7,38,11080,74,5.768022873709703,Medium,1,1,0.11458223142449975,-0.42179417873863634,-0.1910995085854955,-0.5981516140813559,-1.4079726500278762,0.8876420774712049,-1.0385747644227592,-0.5948985251698033,0.18895256078278097,-0.1356944211524122,-0.845749676894635,1.186525502100285,0.6696059270201028,0.3581403891754813,0.008415603154037882
Randolph-Macon Woman's College,Yes,696,616,169,35,66,653,56,13970,6110,370,920,88.0,97,9.2,24,16358,68,5.207229121729401,Medium,1,1,-0.6784297466018213,-1.1300989314251952,0.6270233788095004,-1.2033929563374504,-1.0365500942946195,0.9141252420783167,-1.3159168023606214,-0.550473254176688,1.0351018728628827,1.3645882269351624,-1.2795288599936459,0.24207061628816592,1.4626718153826495,0.3581403891754813,0.9395992751289208
Reed College,Yes,1966,1436,327,47,80,1199,61,19960,5490,500,450,90.0,90,11.8,37,15886,68,5.828407344833243,High,2,1,0.19546474174892609,-0.34654023357685937,1.1501937769220463,-0.4689973181040081,-0.9912281496306625,1.9910590659179963,-0.2291946039516519,-1.9594513469023465,1.2011418370759805,0.6902976719925955,-0.5425747226939668,1.1257980885897985,1.4087161707952758,1.8150779933081982,-0.11231007041167941
Regis College,Yes,427,385,143,18,38,581,533,12700,5800,450,700,81.0,85,10.3,37,11758,84,4.89832834608513,Medium,1,1,-1.1862710237772573,-1.3413148601096168,-0.41769469988544683,-1.356128824646746,0.2952242791684142,0.6480837816681111,-0.6142542984789047,-1.09776212520345,0.4835133023364041,0.25767565625110594,-0.9589736432806009,1.1257980885897985,0.8015967825477371,0.3581403891754813,1.0523940515727441
Rensselaer Polytechnic Institute,Yes,4996,4165,936,53,82,4291,16,17475,5976,1230,1100,94.0,98,15.4,21,15605,70,6.347681494497248,High,2,1,1.224713613423319,0.7489755982375111,1.3749937779595973,0.7881001855829313,-1.658361763019646,1.574283462969669,3.2825891707294645,-0.18659120673062196,1.5444826653483823,1.467641878959388,0.38030884250552255,0.004942020606680277,1.375404893733151,1.8150779933081982,0.5900257249092727
Rhodes College,Yes,2302,1831,391,58,82,1345,59,15200,4768,550,1500,90.0,96,10.8,47,13388,77,5.918749693922498,Medium,1,1,0.43705989233893194,-0.14765192414485703,1.5482723599064572,-0.34077977642032076,-1.0089401426438158,1.1570367062804472,0.12366360001576755,0.4565508868862346,1.2011418370759805,1.2632379969775114,-0.8177024914772081,1.6993804724452455,1.0757286677847484,0.3581403891754813,0.3296908761245636
Rider University,Yes,3586,2424,730,16,31,2748,1309,13250,5420,700,3100,84.0,92,12.3,23,11299,70,6.167076703277872,Medium,1,1,0.7109899113681739,0.5057577425052063,-0.5849046607537621,0.38799773554180855,0.9147015859817643,0.7653500535832432,1.0360807080301793,2.020927484273434,0.7142803580969322,0.8746535950171559,-0.4084259016153431,0.16480224108923644,0.7135737229763609,0.3581403891754813,-0.48272910176202477
Ripon College,Yes,587,501,211,28,52,735,28,15200,4100,350,650,87.0,90,9.4,49,12472,64,5.100784079945237,Medium,1,1,-0.899674039830938,-0.8577084569624351,0.2564541555541443,-1.052668780513983,-1.3900837948934837,1.1570367062804472,-1.5119094043589478,-1.2442682363007733,0.9534892875353681,0.6902976719925955,-1.22018114926161,1.806191872967965,0.9284721944119869,0.3581403891754813,0.7248839282713606
Rivier College,Yes,484,386,141,6,28,590,1196,9870,4860,600,1100,59.0,59,12.2,19,6744,81,4.978601224091876,Medium,1,1,-1.183422606413072,-1.3593716853941504,-1.7978331880954055,-1.335808250584777,0.849941859466046,-0.01508306179876824,0.4496014388117547,-0.18659120673062196,-0.9510154817010009,-1.392393977623881,-0.43508339754859504,-0.16286735762255852,-0.617108365927878,0.3581403891754813,0.34414815040389957
Roanoke College,Yes,2227,1790,437,27,54,1460,239,13425,4425,450,1200,85.0,89,13.0,26,9405,72,5.899869624613669,Medium,1,1,0.41471543536302374,-0.026618478703078787,0.19803987368047105,-0.251186820637223,-0.21316481794747663,0.8019899920325411,-0.6142542984789047,-0.007652219826546156,0.7930785944456105,0.6005650532112241,-0.22412911897517096,0.3918121831278882,0.28251285425200917,0.3581403891754813,0.3866708502858737
Rockhurst College,Yes,935,858,345,22,50,1127,754,9490,4100,500,1500,60.0,79,10.7,21,7519,79,5.38861732376224,Medium,1,1,-0.3301904882905359,-0.2863447083092569,-0.12094221917214974,-0.5394495289192723,0.5278827188663581,-0.11329713689841309,-0.2291946039516519,0.4565508868862346,-0.8956449178437978,-0.20978440474634713,-0.845749676894635,0.004942020606680277,-0.30483583477479637,0.3581403891754813,1.1612832334846235
Rocky Mountain College,Yes,560,392,270,11,31,743,118,8734,3362,600,625,56.0,78,11.3,27,6422,68,5.071122737318803,Low,0,1,-1.1664960964972941,-0.5658022415807163,-1.0845174670653988,-1.039069317256311,-0.628386138396189,-0.3166591231457777,0.4496014388117547,-1.3214798055730637,-1.1115113391571876,-0.28237352323745246,-0.6789541283407586,0.464466880638092,-0.7636719569184205,-1.0987972149572356,-0.31921606516062134
Roger Williams University,Yes,3304,2804,679,10,20,2111,1489,12520,6050,500,730,44.0,54,16.4,8,7957,61,6.121793105813073,Medium,1,1,0.8510961582323112,0.43313140039352394,-1.204141438433242,0.1321850974571828,1.008127569020998,0.6089823530815689,-0.2291946039516519,-1.014444468273074,-1.669305736682963,-1.6057345224000523,0.621184811174139,-1.310419180097965,-0.14944639468591678,0.3581403891754813,0.6920693009318503
Rollins College,Yes,1777,1151,382,31,55,1668,1052,16425,5220,955,750,81.0,85,13.3,23,11561,90,5.769985254146637,High,2,1,-0.02804512207336779,-0.17325484451667084,0.42285937607467217,-0.10912399167352864,0.7589060467809827,1.386441296986302,2.2538655181092837,-0.9606431574678065,0.4835133023364041,0.25767565625110594,-0.14633148248231995,0.16480224108923644,0.764478381565027,1.8150779933081982,-0.6748340277684836
Rosary College,Yes,434,321,141,28,53,624,269,10950,4600,550,950,79.0,82,12.9,30,9264,81,4.908786874758029,Medium,1,1,-1.387179963644372,-1.3593716853941504,0.2564541555541443,-1.262319019742533,-0.14072124272825168,0.2511441271952387,0.12366360001576755,-0.4854840926797661,0.3343576374315665,0.01703484187169807,-0.2502164792374274,0.6744919519989533,0.2450749205154074,0.3581403891754813,-0.049632060350638975
Rowan College of New Jersey,No,3820,1431,695,21,70,5303,3942,4356,4830,800,800,76.0,81,22.1,6,7252,51,6.2018424716312675,Low,0,0,0.1919673022602777,0.45657546961931306,-0.1910995085854955,0.9649575131121805,1.753898283780728,-1.8112563614226775,1.5536080298286021,-0.8317407990918487,0.1176563164912192,-0.060091883356808096,1.8981817508098433,-1.5915826153084158,-0.4065905952790035,-1.0987972149572356,-2.5326326973717905
Rutgers at New Brunswick,No,48094,26330,4520,36,79,21401,3712,7410,4748,690,2009,90.0,95,19.5,19,10474,77,7.47112153280995,Low,0,0,2.8372031805758975,2.09179219053454,0.675328745331237,1.94596474451516,1.7057405701743897,-0.7026779268500261,0.9808435903733325,1.076074016690313,1.2011418370759805,1.1635803366973685,1.333904627868098,-0.16286735762255852,0.5406264827823865,-1.0987972149572356,-1.3567731174817537
Rutgers State University at Camden,No,3366,1752,232,27,79,2585,1300,7411,4748,690,2009,90.0,95,18.6,12,10134,57,6.132095697940979,Low,0,0,0.3935118150208585,-0.7440722794103786,0.19803987368047105,0.3299898796868281,0.9097322620602105,-0.7023699032627505,0.9808435903733325,1.076074016690313,1.2011418370759805,1.1635803366973685,1.1318449172048743,-0.8347120348951067,0.4631012379706993,-1.0987972149572356,-1.5402339142480592
Rutgers State University at Newark,No,5785,2690,499,26,62,4005,1886,7410,4748,690,2009,90.0,95,17.4,16,11878,58,6.426164305526138,Low,0,0,0.8113078082618264,0.11507806589137938,0.13799295441079093,0.7286976975908533,1.1826364700910967,-0.7026779268500261,0.9808435903733325,1.076074016690313,1.2011418370759805,1.1635803366973685,0.8564097284492161,-0.4323290036172367,0.8237403153221827,-1.0987972149572356,-1.917784569009792
Sacred Heart University,Yes,2307,1896,509,19,51,1707,1889,11070,5780,400,600,71.0,73,14.8,16,7120,82,5.919984818148169,Medium,1,1,0.47141014301706696,0.13602267460253614,-0.3392340437249904,-0.08489100248516802,1.1838238392664235,0.27964198004126445,-1.0385747644227592,-1.4016057556008417,-0.2247648828620271,-0.6232192944825511,0.23285911133526874,-0.4323290036172367,-0.4590582053102019,0.3581403891754813,0.5096200269252789
Saint Ambrose University,Yes,897,718,276,12,48,1345,390,10450,4020,500,1500,56.0,56,14.1,16,7444,70,5.363357477544621,Medium,1,1,-0.5164084127482987,-0.5403135442163238,-0.9727316677869278,-0.34077977642032076,0.09241998140341552,0.13014282232927557,-0.2291946039516519,0.4565508868862346,-1.1115113391571876,-1.5240531582747878,0.0578612934555406,-0.4323290036172367,-0.33284940244283134,0.3581403891754813,0.3640466953127048
Saint Anselm College,Yes,2095,1553,514,15,40,1873,94,12950,5400,450,1120,70.0,82,14.5,29,6719,97,5.864921948989334,Medium,1,1,0.2737826535539373,0.14631774960385702,-0.6744109272506593,0.011188250723066997,-0.7561123349498996,0.7017919204959063,-0.6142542984789047,-0.14963079133114482,-0.2904376445599966,0.01703484187169807,0.15826329539749684,0.605737985971725,-0.6280984021063717,0.3581403891754813,-0.03835762245174753
Saint Cloud State University,No,3971,3306,1921,10,34,11493,2206,4259,2625,350,1884,70.0,75,18.9,10,4629,58,6.223084774316569,Low,0,0,1.0078525506458513,1.4024433981340434,-1.204141438433242,1.5455558928314517,1.3006186600480962,-1.8539297490760829,-1.5119094043589478,0.9387067124886153,-0.2904376445599966,-0.4912534379026085,1.1996123641074883,-1.060970526681064,-1.8512163846354668,-1.0987972149572356,0.5823320012198858
Saint Francis College IN,Yes,213,166,85,13,36,513,247,8670,3820,450,1000,43.0,78,12.5,4,7440,48,4.4392139309599905,Low,0,1,-2.1375127209717553,-2.034794972452065,-0.8676768730139961,-1.5232207201768324,-0.19307867368286977,-0.3343981078496482,-0.6142542984789047,-0.38127720177114266,-1.7097120825000167,-0.28237352323745246,-0.3553625238528725,-1.9198799308640517,-0.3343556831845995,-1.0987972149572356,0.2204964694171975
Saint Francis College,Yes,1046,824,284,21,45,1223,451,10880,5050,400,1235,64.0,64,19.3,24,7344,69,5.456534052486974,Medium,1,1,-0.37225779363163336,-0.5073055598220004,-0.1910995085854955,-0.4466515645670517,0.18598865828906008,0.2344255283436202,-1.0385747644227592,0.05172500660973829,-0.6648004755172165,-1.1477182127095475,1.2893215220075742,0.24207061628816592,-0.37088526166853,0.3581403891754813,0.2777730324223894
Saint John's University,Yes,933,800,444,18,45,1691,72,12247,4081,500,600,76.0,85,12.0,38,9853,70,5.387315531626102,Medium,1,1,-0.4030854566420365,-0.009493833128641185,-0.41769469988544683,-0.0947502822317212,-0.9022691057091234,0.5489673813859551,-0.2291946039516519,-1.4016057556008417,0.1176563164912192,0.25767565625110594,-0.48865480430561903,1.186525502100285,0.395936010730769,0.3581403891754813,0.7517989397658787
Saint Joseph's College IN,Yes,920,684,225,24,42,815,222,11200,4250,600,950,55.0,60,14.8,19,7360,67,5.378780227923204,Medium,1,1,-0.5675201826286506,-0.780585278710829,0.012544204192919739,-0.9241820444327393,-0.25794229884583064,0.3102865577817636,0.4496014388117547,-0.4854840926797661,-1.1631383334388996,-1.3460179845367914,0.23285911133526874,-0.16286735762255852,-0.36474599831746674,0.3581403891754813,-0.023464148862510754
Saint Joseph's College,Yes,833,682,217,12,33,716,2196,9985,5180,500,800,53.0,89,27.2,8,4322,85,5.318102331356635,Medium,1,1,-0.5706108825734568,-0.8239537228442008,-0.9727316677869278,-1.0857037011407664,1.2971725737137616,0.014148844162083918,-0.2291946039516519,-0.8317407990918487,-1.2635854783881688,0.6005650532112241,2.934904988775743,-1.310419180097965,-2.1046961629673473,0.3581403891754813,0.488403243366762
Saint Joseph's University,Yes,2519,2003,776,39,71,2473,1314,12750,6350,350,1690,84.0,90,17.4,13,8243,83,5.969867825956235,Medium,1,1,0.5253020051089834,0.5664123550939681,0.8144962912549331,0.2874832189718084,0.9174490323886001,0.6588806117068091,-1.5119094043589478,0.7078187571324343,0.7142803580969322,0.6902976719925955,0.8564097284492161,-0.7285459060471434,-0.05492086408215119,0.3581403891754813,0.32806852782989443
Saint Joseph College,Yes,292,241,96,20,52,543,712,12200,4600,650,950,87.0,90,11.2,32,8680,76,4.65034079575477,Medium,1,1,-1.7091260628801996,-1.8675642192973305,-0.2637884142137955,-1.44636381324485,0.48888785093970066,0.538546706109194,0.7526774067369608,-0.4854840926797661,0.9534892875353681,0.6902976719925955,-0.7065095991630403,0.808539510579746,0.08013667059832047,0.3581403891754813,0.5334002469618067
Saint Louis University,Yes,3294,2855,956,44,67,4576,1140,11690,4730,800,6800,84.0,94,4.6,19,18367,67,6.12011198939724,Medium,1,1,0.8683396578011113,0.7692378760489555,1.0296888476949617,0.8426779868198009,0.815777704404397,0.4237367718403794,1.5536080298286021,3.8112409725817784,0.7142803580969322,1.0656043502924986,-2.828674303956084,-0.16286735762255852,1.6679355100154276,0.3581403891754813,0.8149126251585062
Saint Mary's College,Yes,888,734,393,26,60,1433,27,12730,4514,500,1525,74.0,95,9.9,31,11165,98,5.357206657398768,Medium,1,1,-0.49324428126084785,-0.14205466112492937,0.13799295441079093,-0.271429816918448,-1.4079726500278762,0.6545652233846636,-0.2291946039516519,0.49124292155173377,-0.022123945179242006,1.1635803366973685,-1.0739217798372556,0.7420738947418721,0.6868289478523678,0.3581403891754813,0.541795031701849
Saint Mary's College of Minnesota,Yes,876,802,367,14,35,1263,118,10800,3600,400,820,68.0,74,18.8,19,5081,78,5.348900718068022,Medium,1,1,-0.4004789559268299,-0.21751217837643624,-0.7684736752694478,-0.41057141369962685,-0.628386138396189,0.2152318024408838,-1.0385747644227592,-0.7822591318670264,-0.4189723100864871,-0.5579571392876599,1.1770700285932776,-0.16286735762255852,-1.5218293455062655,0.3581403891754813,1.146849141840421
Saint Mary-of-the-Woods College,Yes,150,130,88,23,50,341,768,10300,4130,500,1700,44.0,58,10.2,37,9678,75,4.198773824892461,Medium,1,1,-2.4244647216107196,-1.9868129824918828,-0.053119072030679164,-2.104542754452261,0.5404465746821491,0.09310267904364704,-0.2291946039516519,0.720306207993199,-1.669305736682963,-1.4375163915219222,-0.9875453814266576,1.1257980885897985,0.3525946969075402,0.3581403891754813,0.814499613982134
Saint Michael's College,Yes,1910,1380,463,16,64,1715,106,13030,5860,500,750,79.0,88,14.5,34,10190,84,5.811747969199109,Medium,1,1,0.1555286763403104,0.03546089341443312,-0.5849046607537621,-0.0800035102034036,-0.6889842338107853,0.7188345309434646,-0.2291946039516519,-0.9606431574678065,0.3343576374315665,0.5124477851823425,0.15826329539749684,0.9383237726310382,0.47614408376032097,0.3581403891754813,-0.16607541321358993
Saint Olaf College,Yes,2248,1673,745,38,73,2888,105,14350,3750,550,550,82.0,88,10.0,31,12502,83,5.905224006704046,Medium,1,1,0.3478117028386949,0.5260096943675744,0.7690207208177242,0.434568285604426,-0.694309287317495,0.9906210769743672,0.12366360001576755,-1.5715860927236946,0.5594977786457802,0.5124477851823425,-1.0450179270912505,0.7420738947418721,0.9335572542834675,0.3581403891754813,-0.01843847128128934
Saint Peter's College,Yes,1606,1413,530,23,38,1921,1154,9408,5520,500,450,78.0,78,12.1,22,7669,53,5.711070260822737,Medium,1,1,0.17926744945670187,0.17850164494855578,-0.053119072030679164,0.037048823355109055,0.8244582066396593,-0.13482823435653962,-0.2291946039516519,-1.9594513469023465,0.2611863106631819,-0.28237352323745246,-0.4618260387652622,0.08579840488433134,-0.2500811103479073,0.3581403891754813,0.9040109141784601
Saint Vincent College,Yes,700,595,278,19,35,1035,182,10850,3936,500,900,62.0,64,12.3,31,8534,88,5.210787634810409,Medium,1,1,-0.715346061359437,-0.5319590398731038,-0.3392340437249904,-0.6379012285170879,-0.37689610893187386,0.22723878076167214,-0.2291946039516519,-0.5948985251698033,-0.7820953142680762,-1.1477182127095475,-0.4084259016153431,0.7420738947418721,0.03620263546184313,0.3581403891754813,0.7011280460678582
Saint Xavier University,Yes,785,647,295,15,65,1670,726,10860,4624,600,794,87.0,100,13.7,15,8953,55,5.281640937434977,Medium,1,1,-0.6263238401953007,-0.4636302335001798,-0.6744109272506593,-0.10786453887796292,0.502111266263199,0.22963581213625453,0.4496014388117547,-0.8468087346405592,0.9534892875353681,1.6789026453905742,-0.043655143285563025,-0.5277223720549751,0.15930465334087432,0.3581403891754813,0.5256548549648719
Salem-Teikyo University,Yes,489,384,120,23,52,700,45,10575,3952,400,620,46.0,24,13.0,9,8946,98,4.985153042828724,Medium,1,1,-1.1891273623576988,-1.5689248347768936,-0.053119072030679164,-1.114362426580797,-1.1507160945452137,0.1607436883483082,-1.0385747644227592,-1.3372646172018097,-1.5856896657426467,-2.32584996579349,-0.22412911897517096,-1.18236541463741,0.15732135635104066,0.3581403891754813,0.26085686514923007
Salem College,Yes,335,284,132,28,69,534,216,10475,6300,500,2000,68.0,68,11.2,46,9599,60,4.7407779892098,Medium,1,1,-1.5239487761268324,-1.4444518445039682,0.2564541555541443,-1.4688665677704165,-0.27448654623298974,0.1362821565272364,-0.2291946039516519,1.066451766681205,-0.4189723100864871,-0.9283307329438812,-0.7065095991630403,1.6450848531462385,0.3326309800566427,0.3581403891754813,0.6858990294823585
Salisbury State University,No,4216,2290,736,20,52,4296,1027,5130,4690,600,1450,73.0,75,17.9,18,5125,56,6.255771851650044,Low,0,0,0.6558945681362287,0.5139156195908633,-0.2637884142137955,0.7890954192905252,0.7419671210529585,-1.4912463226655415,0.4496014388117547,0.3855304303319002,-0.09060810988813835,-0.4912534379026085,0.9720449849419147,-0.2501326687269887,-1.4921783297372369,-1.0987972149572356,-1.3860274603919156
Samford University,Yes,1680,1395,691,34,76,2959,402,8236,3700,569,1650,75.0,75,14.7,17,9533,61,5.737353882079775,Low,0,1,0.16639343476430155,0.4507732493389179,0.5776799288914052,0.4571466728643761,0.11182218825857136,-0.4570212155969449,0.2504488257850399,0.6571749645449183,0.0472975055627926,-0.4912534379026085,0.20805976907672294,-0.3398815888114029,0.3157571241291543,-1.0987972149572356,0.5675115553117481
San Diego State University,No,9402,7020,2151,20,70,16407,5550,8384,5110,612,2400,87.0,93,19.5,7,7930,41,6.680206733913365,Low,0,0,1.7022770453111598,1.4988219823502467,-0.2637884142137955,1.78146479342251,2.033462656595394,-0.4147381473745046,0.524292089495936,1.4597682930680167,0.9534892875353681,0.9692990979140862,1.333904627868098,-1.4463049754933548,-0.15864088609362925,-1.0987972149572356,-0.0018914340999883132
Santa Clara University,Yes,4019,2779,888,40,73,3891,128,13584,5928,630,1278,88.0,92,13.9,19,10872,100,6.229656215050266,Medium,1,1,0.8425205751279092,0.6982369196588913,0.8591123720558882,0.7035607931359539,-0.5819923517098771,0.835008919022907,0.6339700077405097,0.12257708758583981,1.0351018728628827,0.8746535950171559,0.007245147886748601,-0.16286735762255852,0.6265873133132989,0.3581403891754813,-0.37726998075345
Sarah Lawrence College,Yes,1380,768,263,57,82,1000,105,19300,6694,600,700,89.0,93,6.1,18,14779,83,5.621943561393571,High,2,1,-0.44576356091520436,-0.5963778302123304,1.51453184767177,-0.6781964875177116,-0.694309287317495,1.8838544256866507,0.4496014388117547,-1.09776212520345,1.1176527018812943,0.9692990979140862,-2.2757615951837606,-0.2501326687269887,1.2718852721740328,1.8150779933081982,-1.2951973889443844
Savannah Coll. of Art and Design,Yes,1109,688,386,20,65,1897,208,8325,5000,1200,1600,14.0,98,16.1,26,6874,55,5.491722699819546,Low,0,1,-0.5613676660185738,-0.16179079217954367,-0.2637884142137955,0.02421824117137407,-0.2972019675334946,-0.4315349946892218,3.1807271541080584,0.5922469197789686,-2.4757229757064487,1.467641878959388,0.5495374102901839,0.3918121831278882,-0.560957095452124,-1.0987972149572356,-0.8608234292812994
Schreiner College,Yes,584,413,131,19,51,521,99,8955,5900,500,1488,51.0,56,11.8,23,8545,52,5.097561436590215,Medium,1,1,-1.1093621948607542,-1.4543166003436572,-0.3392340437249904,-1.5021998597412747,-0.7272538841097254,-0.25605278437406587,-0.2291946039516519,0.4397081364883677,-1.3602908492103485,-1.5240531582747878,-0.5425747226939668,0.16480224108923644,0.03955301857300391,0.3581403891754813,-0.27029545708802344
Scripps College,Yes,855,632,139,60,83,569,7,17238,7350,600,800,95.0,100,8.2,41,18372,73,5.334067296052583,High,2,1,-0.6511950387556509,-1.3777263776980513,1.6144757210802636,-1.3838278284984231,-2.028489116527091,1.5325467164599382,0.4496014388117547,-0.8317407990918487,1.632664244935875,1.6789026453905742,-1.5841549225823564,1.3638859589907049,1.6684027996412942,1.8150779933081982,-0.05269343181828962
Seattle Pacific University,Yes,1183,1016,411,42,82,1922,704,12669,4875,600,1250,83.0,85,16.8,20,10368,66,5.530413604384243,Medium,1,1,-0.15560473931050273,-0.09311187024081621,0.9459121453121655,0.03757918532039625,0.4812260334227036,0.6413757165310602,0.4496014388117547,0.07669669114387034,0.6364201082318471,0.25767565625110594,0.7159264724323372,-0.07789765626183243,0.516877927903643,0.3581403891754813,0.7612159354019672
Seattle University,Yes,2115,1540,494,28,72,2993,347,12825,4375,500,1500,85.0,85,12.2,16,10175,89,5.870366476540894,Medium,1,1,0.26539781885889796,0.10442341073364286,0.2564541555541443,0.4677262628088088,0.01816909685153841,0.6750238258559333,-0.2291946039516519,0.4565508868862346,0.7930785944456105,0.25767565625110594,-0.43508339754859504,-0.4323290036172367,0.4726613226772955,0.3581403891754813,-0.12785129095070902
Seton Hall University,Yes,4576,3565,1000,16,36,4384,1530,12000,6484,650,1000,81.0,84,14.4,15,10080,64,6.300278246047476,Medium,1,1,1.079049288709892,0.8121438225591208,-0.5849046607537621,0.8063838390011772,1.0279763910974948,0.49390607097335004,0.7526774067369608,-0.38127720177114266,0.4835133023364041,0.17590711389826053,0.1332649014169342,-0.5277223720549751,0.4504184957636033,0.3581403891754813,0.21860517528585882
Seton Hill College,Yes,936,794,197,24,56,752,210,11240,4180,350,2000,71.0,71,11.2,37,10065,71,5.38926710008475,Medium,1,1,-0.4109469616784924,-0.9409730328969353,0.012544204192919739,-1.0239816712165557,-0.29145025136329783,0.3196686173908399,-1.5119094043589478,1.066451766681205,-0.2247648828620271,-0.7494672137091747,-0.7065095991630403,1.1257980885897985,0.4468768985352348,0.3581403891754813,0.6895001929484453
Shippensburg University of Penn.,No,5818,3281,1116,14,53,5268,300,7844,3504,450,1700,80.0,83,18.8,13,6719,72,6.4291920233596,Low,0,0,1.0006667489086531,0.9155596562765704,-0.7684736752694478,0.9595501418986464,-0.07314506384833197,-0.5714816336528199,-0.6142542984789047,0.720306207993199,0.4084666114840554,0.09569733284866454,1.1770700285932776,-0.7285459060471434,-0.6280984021063717,-1.0987972149572356,-1.2447396109936277
Shorter College,Yes,540,445,165,23,70,1115,111,7210,3600,500,2000,62.0,65,13.2,18,7356,58,5.048144643531532,Low,0,1,-1.028017032280427,-1.16005292130857,-0.053119072030679164,-0.5517248463097829,-0.6630195489235102,-0.7648398586414817,-0.2291946039516519,1.066451766681205,-0.7820953142680762,-1.094880026424442,-0.17218743851993448,-0.2501326687269887,-0.3662788831444254,-1.0987972149572356,0.5247722737567627
Siena College,Yes,2961,1932,628,24,68,2669,616,10800,5100,575,1090,71.0,82,14.1,42,8189,100,6.06076885566767,Medium,1,1,0.4898972425203747,0.35392232914144955,0.012544204192919739,0.3604229752565132,0.3913281850542212,0.2152318024408838,0.2897201272175073,-0.20530535546750656,-0.2247648828620271,0.01703484187169807,0.0578612934555406,1.4214971999277994,-0.07237775097556182,0.3581403891754813,-0.6424456417672785
Siena Heights College,Yes,464,419,183,10,31,686,287,9240,3880,475,1090,29.0,49,7.2,17,9431,47,4.951647650301886,Medium,1,1,-1.0936076179271197,-1.031360136383057,-1.204141438433242,-1.1401016856010957,-0.10067963175366583,-0.17932884992884388,-0.41730816701513446,-0.20530535546750656,-2.177363991742446,-1.7894061555299154,-1.9036274414904173,-0.3398815888114029,0.2893218839079174,0.3581403891754813,1.0617669129675793
Simmons College,Yes,1003,782,295,23,53,1144,160,16160,6950,500,1200,74.0,81,8.9,33,14086,79,5.431184922541033,High,2,1,-0.4268623025465531,-0.4636302335001798,-0.053119072030679164,-0.5223295887704753,-0.45279577970094953,1.3377930819000552,-0.2291946039516519,-0.007652219826546156,-0.022123945179242006,-0.060091883356808096,-1.3695004894439946,0.8739402534841448,1.1778949762804045,1.8150779933081982,0.2226615984296445
Simpson College,Yes,1016,872,300,27,57,1116,602,11250,4980,550,1400,66.0,73,15.8,36,7411,70,5.438969687161919,Medium,1,1,-0.3133841333293103,-0.44439459704764983,0.19803987368047105,-0.5506957651927538,0.375970200174883,0.32201070401890103,0.12366360001576755,0.31220519615957604,-0.5437597006270006,-0.6232192944825511,0.47736869024981116,1.0642129526815685,-0.3453136948940068,0.3581403891754813,0.7573674852694277
Sioux Falls College,Yes,437,400,211,13,35,614,271,8990,3064,500,1700,73.0,73,14.8,7,7881,48,4.913213830182881,Medium,1,1,-1.144353341375339,-0.8577084569624351,-0.8676768730139961,-1.2834169861994247,-0.13615489828360278,-0.24654493376420988,-0.2291946039516519,0.720306207993199,-0.09060810988813835,-0.6232192944825511,0.23285911133526874,-1.4463049754933548,-0.17545112803170976,0.3581403891754813,1.145534215031598
Skidmore College,Yes,4293,2728,591,25,62,2322,263,18710,5970,500,700,87.0,92,12.7,29,14837,81,6.265625495837222,High,2,1,0.824767703408373,0.2916615434487778,0.07620224590010687,0.2263071548731504,-0.15460623362821735,1.7859617765642195,-0.2291946039516519,-1.09776212520345,0.9534892875353681,0.8746535950171559,-0.3026284436876273,0.605737985971725,1.2794433361044744,1.8150779933081982,-0.7582833114086401
Smith College,Yes,2925,1598,632,51,88,2479,95,18820,6390,500,1050,85.0,97,10.3,44,21199,90,6.053928059768188,High,2,1,0.302238201527321,0.3603987922767181,1.3022664532279355,0.2898194000256918,-0.7502317576043804,1.804365188179075,-0.2291946039516519,-0.2817874146954495,0.7930785944456105,1.3645882269351624,-0.9589736432806009,1.5346153654579844,1.9048062344810985,1.8150779933081982,-1.3645600605958388
South Dakota State University,No,2807,2589,1701,13,37,7000,1103,3811,2190,500,1970,62.0,65,15.0,29,5084,67,6.030855262240893,Low,0,0,0.7745204808089032,1.296900794609678,-0.8676768730139961,1.1847604028803445,0.7923652481466137,-2.059775469724659,-0.2291946039516519,1.0340854665598658,-0.7820953142680762,-1.094880026424442,0.2822630870249347,0.605737985971725,-1.519795119465329,-1.0987972149572356,1.1931856919173844
Southeast Missouri State University,No,2281,1870,1408,18,43,6553,1246,4680,3540,200,2150,75.0,76,17.1,8,5916,45,5.91353055631488,Low,0,0,0.4578234048506133,1.1288983485059891,-0.41769469988544683,1.1337228623767779,0.8792484284109215,-1.6730878145462138,-3.409405941609676,1.221831296486603,0.0472975055627926,-0.4230962065588109,0.7864078276084665,-1.310419180097965,-1.0184353103807793,-1.0987972149572356,0.4958067189947005
Southeastern Oklahoma State Univ.,No,818,700,447,20,50,2962,651,3738,2619,450,1022,55.0,59,19.6,9,4444,53,5.306955581419591,Low,0,0,-0.543137063225423,-0.002249779794150835,-0.2637884142137955,0.45808611322283593,0.4283890725211731,-2.094801585568201,-0.6142542984789047,-0.3369469917441505,-1.1631383334388996,-1.392393977623881,1.3561294433902287,-1.18236541463741,-2.0007340874946853,-1.0987972149572356,0.7402121318280361
Southern California College,Yes,385,340,193,18,38,784,127,9520,4124,630,1818,63.0,65,18.6,11,8219,43,4.831441436283184,Medium,1,1,-1.3233585876454557,-0.9660226653453975,-0.41769469988544683,-0.9720676921023219,-0.5864818062904431,-0.10545044905563535,0.6339700077405097,0.8627345908343734,-0.7239160936184083,-1.094880026424442,1.1318449172048743,-0.9453261344609437,-0.06265763990760014,0.3581403891754813,0.9263988238715486
Southern Illinois University at Edwardsville,No,2540,2195,994,13,40,6063,2550,5472,3598,221,2216,76.0,81,16.5,8,7498,43,5.97456201482484,Low,0,0,0.6147038740207369,0.8064226068616909,-0.8676768730139961,1.0726586931778377,1.4113477472292013,-1.3599443666311688,-3.080803144082605,1.287039834555552,0.1176563164912192,-0.060091883356808096,0.6449537276656453,-1.310419180097965,-0.31263605499622954,-1.0987972149572356,0.7975385132705495
Southern Methodist University,Yes,4301,3455,1166,41,69,4892,387,12772,5078,576,1802,74.0,88,13.5,17,12726,72,6.266638362205801,Medium,1,1,1.0495097929786241,0.9563739256719735,0.9029060992795955,0.8985451877342986,0.08748542507226617,0.6636224056253339,0.2962306033273428,0.8439328178309354,-0.022123945179242006,0.5124477851823425,-0.09484535878691201,-0.3398815888114029,0.9709396056342343,0.3581403891754813,0.383471509231091
Southwest Baptist University,Yes,1093,1093,642,12,32,1770,967,7070,2500,400,1000,52.0,54,15.9,13,4718,71,5.482992965385121,Low,0,1,-0.08077771585910469,0.3763852417252471,-0.9727316677869278,-0.04713733830372159,0.6997460345745058,-0.8090303493988384,-1.0385747644227592,-0.38127720177114266,-1.3124058333016602,-1.6057345224000523,0.5014836937996878,-0.7285459060471434,-1.7825270369807842,-1.0987972149572356,1.7214721572963376
Southwest Missouri State University,No,6118,5254,3204,15,37,13131,3374,4740,2590,500,1360,70.0,75,19.9,11,4632,56,6.455899964164189,Low,0,0,1.4393257349620727,1.825394660334301,-0.6744109272506593,1.636015070516017,1.6298472710186849,-1.648196767844163,-0.2291946039516519,0.2517777882948348,-0.2904376445599966,-0.4912534379026085,1.4225407001032166,-0.9453261344609437,-1.848867906724183,-1.0987972149572356,0.7608343539821752
Southwest State University,No,1047,938,511,13,33,2091,546,4285,2750,600,1800,58.0,75,16.5,31,6591,51,5.4571101885178965,Low,0,0,-0.23785724084781085,0.14015464358450822,-0.8676768730139961,0.12267183387033917,0.31113086035934406,-1.8424294119400952,0.4496014388117547,0.8415717373961816,-1.0054500100654609,-0.4912534379026085,0.6449537276656453,0.7420738947418721,-0.6853714445615342,-1.0987972149572356,1.0133059164564506
Southwestern Adventist College,Yes,321,318,172,11,27,620,280,7536,3736,430,1651,44.0,77,13.0,12,5309,36,4.712771656048186,Low,0,1,-1.397625298647024,-1.1081651194371072,-1.0845174670653988,-1.2707084099456118,-0.11597494630920409,-0.6640800050053582,-0.778798320740619,0.6584548487864337,-1.669305736682963,-0.35347352257287784,-0.22412911897517096,-0.8347120348951067,-1.3723144124588043,-1.0987972149572356,1.657899315475249
Southwestern College,Yes,213,155,75,28,66,504,147,7200,3532,550,1500,56.0,56,11.8,12,7818,52,4.4392139309599905,Low,0,1,-2.217506187933938,-2.2100771223137294,0.2564541555541443,-1.5473521170315896,-0.5021953986806045,-0.7679775314726306,0.12366360001576755,0.4565508868862346,-1.1115113391571876,-1.5240531582747878,-0.5425747226939668,-0.8347120348951067,-0.19730266804351285,-1.0987972149572356,-0.13079571285238933
Southwestern University,Yes,1244,912,352,44,77,1177,43,11850,4675,600,1050,83.0,89,11.3,35,12995,67,5.560403645744977,Medium,1,1,-0.2669108350324584,-0.26390684607092774,1.0296888476949617,-0.4899652184772995,-1.1741414143251225,0.4601038015829847,0.4496014388117547,-0.2817874146954495,0.6364201082318471,0.6005650532112241,-0.6789541283407586,1.0017342937327451,1.0145124645762948,0.3581403891754813,-0.09393108454640167
Spalding University,Yes,283,201,97,10,45,589,263,8400,2800,600,900,50.0,56,10.6,40,6860,89,4.629604188820239,Low,0,1,-1.9162948501520833,-1.8534678545232153,-1.204141438433242,-1.338047372568333,-0.15460623362821735,-0.4101964618018934,0.4496014388117547,-0.5948985251698033,-1.407240633156519,-1.5240531582747878,-0.8738990280930917,1.3055390172857926,-0.5669252096684051,-1.0987972149572356,-0.24951057817445854
Spelman College,Yes,3713,1237,443,47,83,1971,107,7000,5565,660,2400,73.0,80,12.5,18,9988,65,6.186237251674158,Low,0,1,0.0451312116977256,-0.011921071700316801,1.1501937769220463,0.06316247116920436,-0.6837042616691059,-0.8313414029239493,0.8108421980583805,1.4597682930680167,-0.09060810988813835,-0.1356944211524122,-0.3553625238528725,-0.2501326687269887,0.42856772559235085,-1.0987972149572356,-2.8146119066263036
Spring Arbor College,Yes,372,362,181,15,32,1501,353,8600,3550,385,665,48.0,48,15.4,9,10938,49,4.809140238772887,Low,0,1,-1.2540611970532525,-1.0449219639106846,-0.6744109272506593,-0.22130436128755065,0.029011606226874504,-0.3538989000342419,-1.1748916400000111,-1.1992509494542094,-1.498334943952575,-1.8227310098814986,0.38030884250552255,-1.18236541463741,0.6403740388419804,-1.0987972149572356,1.5386147896926676
St. Bonaventure University,Yes,1489,1313,375,13,45,1688,131,10456,4927,500,1050,91.0,91,17.7,32,9828,78,5.666741337029922,Medium,1,1,0.10540698529324828,-0.19365405258009072,-0.8676768730139961,-0.09661155750627902,-0.5687111330584819,0.13161714176266778,-0.2291946039516519,-0.2817874146954495,1.285569340238181,0.7816568116943878,0.9259436201670271,0.808539510579746,0.3898173416349145,0.3581403891754813,0.9174400839754853
St. John's College,Yes,323,278,122,31,51,393,4,16150,5450,275,800,63.0,72,7.2,26,15622,64,4.716851916203819,High,2,1,-1.5479143941679678,-1.5472072638375063,0.42285937607467217,-1.896599640326986,-2.2624229781868515,1.3359470725190887,-2.3464134104331125,-0.8317407990918487,-0.7239160936184083,-0.6870519494859656,-1.9036274414904173,0.3918121831278882,1.377446398926898,1.8150779933081982,0.7737841282915574
St. John Fisher College,Yes,1368,1064,354,19,51,1687,677,10570,5600,400,800,86.0,81,14.5,29,7908,66,5.616781093526072,Medium,1,1,-0.10827764340973488,-0.25759044142391496,-0.3392340437249904,-0.0972328788245323,0.45477488433068797,0.15952422946725292,-1.0385747644227592,-0.8317407990918487,0.8728148827034736,-0.060091883356808096,0.15826329539749684,0.605737985971725,-0.16616846827358223,0.3581403891754813,0.20985125177266487
St. Lawrence University,Yes,2753,1820,505,31,56,1801,45,18720,5730,650,825,90.0,94,11.5,38,14980,85,6.019947060528106,High,2,1,0.431117950379452,0.1277022693310842,0.42285937607467217,-0.029156532479061418,-1.1507160945452137,1.7876377464578235,0.7526774067369608,-0.7700634020695872,1.2011418370759805,1.0656043502924986,-0.6241261617099947,1.186525502100285,1.2978847122133261,1.8150779933081982,-0.5838458128602702
St. Martin's College,Yes,191,165,63,5,25,494,574,11550,4270,300,500,43.0,77,14.5,8,9209,40,4.365117561379936,Medium,1,1,-2.1445471800093103,-2.459925511121393,-1.9916231295773121,-1.574788563918717,0.3442634149234432,0.3916464168528553,-2.048308048513365,-1.7565250579131293,-1.7097120825000167,-0.35347352257287784,0.15826329539749684,-1.310419180097965,0.2302322746314767,0.3581403891754813,0.7955054245933546
St. Mary's College of California,Yes,2643,1611,465,36,80,2615,248,13332,6354,630,1584,88.0,89,16.1,17,9619,78,5.996998638788146,Medium,1,1,0.31029938043941935,0.0400688442616145,0.675328745331237,0.3409954765136213,-0.19060927051232396,0.7825578135290102,0.6339700077405097,0.5710728149223133,1.0351018728628827,0.6005650532112241,0.5495374102901839,-0.3398815888114029,0.3377089849159633,0.3581403891754813,-0.9345881852129091
St. Mary's College of Maryland,No,1340,695,285,42,73,1315,209,6800,4730,675,1250,84.0,89,11.6,23,10357,63,5.604543958960696,Low,0,0,-0.5506922294520958,-0.503255081738839,0.9459121453121655,-0.3656964948283678,-0.2943199092245855,-0.8959060608122661,0.8966657965552619,0.07669669114387034,0.7142803580969322,0.6005650532112241,-0.5968513856813783,0.16480224108923644,0.5143920055324129,-1.0987972149572356,-1.5527664085860966
St. Mary's University of San Antonio,Yes,1243,1020,414,33,60,2149,418,8678,3858,700,1736,82.0,83,16.2,7,7651,72,5.5599248307056355,Low,0,1,-0.15157040637216995,-0.08519535989264047,0.5272445442404738,0.14996122975798218,0.13689545481892315,-0.33217604045219784,1.0360807080301793,0.7647048434501762,0.5594977786457802,0.09569733284866454,0.5734771377015533,-1.4463049754933548,-0.2565641567142554,-1.0987972149572356,0.5011088598763812
St. Norbert College,Yes,1334,1243,568,30,56,1946,95,12140,4450,425,1100,74.0,78,15.1,36,8595,88,5.601886031631347,Medium,1,1,0.05003197472974339,0.25064781851048706,0.3687770077049723,0.050207881446859524,-0.7502317576043804,0.525205320806295,-0.8209747620312199,-0.18659120673062196,-0.022123945179242006,-0.28237352323745246,0.30686892312721825,1.0642129526815685,0.054698599847066404,0.3581403891754813,1.2574475989665443
St. Paul's College,Yes,651,581,243,8,17,617,34,5000,3650,600,600,45.0,45,14.0,8,8426,45,5.165614448804589,Low,0,1,-0.7407393758374592,-0.6891883851058762,-1.4730544512765091,-1.2770438678460814,-1.2934851488090784,-1.5426640334792197,0.4496014388117547,-1.4016057556008417,-1.6279649723564091,-1.9161399642376822,0.03258838544133381,-1.310419180097965,0.0029504329382438435,-1.0987972149572356,0.9900426868816572
St. Thomas Aquinas College,Yes,861,609,215,10,27,1117,815,8650,5700,500,1750,69.0,73,16.1,13,6534,67,5.338344957525091,Low,0,1,-0.6905836823883468,-0.8350844142559638,-1.204141438433242,-0.549667807462784,0.5811669485935352,-0.33995917564912786,-0.2291946039516519,0.7817410839369675,-0.3551734271494861,-0.6232192944825511,0.5495374102901839,-0.7285459060471434,-0.7114311672619984,-1.0987972149572356,-0.2694431816860612
Stephens College,Yes,450,405,194,17,34,614,388,13900,5200,450,2150,46.0,63,10.9,17,9995,59,4.932027745946967,Medium,1,1,-1.130753251947189,-0.9597044877467185,-0.4994689411839057,-1.2834169861994247,0.089134095797245,0.8998852924398955,-0.6142542984789047,1.221831296486603,-1.5856896657426467,-1.199238322126377,-0.7897561601567338,-0.3398815888114029,0.4302411812328037,0.3581403891754813,1.0412427498106847
Stetson University,Yes,1557,1227,489,37,69,1964,81,12315,4565,600,1365,85.0,90,12.5,24,10307,73,5.692940981605035,Medium,1,1,0.03690652138825228,0.09364363716824842,0.7226458157909562,0.05955546209244588,-0.8381790084362992,0.5639977028720312,0.4496014388117547,0.259420529800462,0.7930785944456105,0.6902976719925955,-0.3553625238528725,0.24207061628816592,0.5030408285179032,0.3581403891754813,0.2797527965367644
Stevens Institute of Technology,Yes,1768,1249,380,51,93,1263,11,16900,5680,450,750,89.0,89,19.0,33,12837,79,5.76703900719721,High,2,1,0.05490751043285395,-0.17903891237415498,1.3022664532279355,-0.41057141369962685,-1.8298731617089106,1.4723661123632086,-0.6142542984789047,-0.9606431574678065,1.1176527018812943,0.6005650532112241,1.222108344767349,0.8739402534841448,0.9890900989515634,1.8150779933081982,-0.27535511920283606
Stockton College of New Jersey,No,4019,1579,710,23,65,4365,765,3040,4351,711,1125,78.0,92,19.5,7,5599,64,6.229656215050266,Low,0,0,0.29032947136843146,0.47799570129365826,-0.053119072030679164,0.8026871281722464,0.5377717970498993,-2.4549598858849975,1.0960530697264468,-0.14048620591693609,0.2611863106631819,0.8746535950171559,1.333904627868098,-1.4463049754933548,-1.195864074530373,-1.0987972149572356,-2.408310759511309
Stonehill College,Yes,3646,2300,585,25,69,2022,926,12170,6172,480,800,79.0,79,13.0,30,7495,97,6.1762181341936175,Medium,1,1,0.6601237760413309,0.28114210964286734,0.07620224590010687,0.08897941740745141,0.6695150890881191,0.5318814148129978,-0.37900648471193404,-0.8317407990918487,0.3343576374315665,-0.20978440474634713,-0.22412911897517096,0.6744919519989533,-0.31375312311655534,0.3581403891754813,-0.7897422762628752
SUNY at Albany,No,13528,9198,1843,16,61,10168,1231,6550,4355,700,1560,93.0,96,17.4,16,9075,74,6.864732022697091,Low,0,0,1.9427836908861702,1.3666956236907837,-0.5849046607537621,1.4600313298765208,0.8705694394243594,-0.9783909818319574,1.0360807080301793,0.5389373745851044,1.4572396942508257,1.2632379969775114,0.8564097284492161,-0.4323290036172367,0.19349096498005736,-1.0987972149572356,-0.45578489061383226
SUNY at Binghamton,No,14463,6166,1757,60,94,8544,671,6550,4598,700,1000,83.0,100,18.0,15,8055,80,6.8980987737493225,Low,0,0,1.585222043872706,1.3252008199638072,1.6144757210802636,1.3345207146241194,0.44876794921214425,-0.9783909818319574,1.0360807080301793,-0.38127720177114266,0.6364201082318471,1.6789026453905742,0.995020485992735,-0.5277223720549751,-0.11647402489726992,-1.0987972149572356,-2.1808049594211223
SUNY at Buffalo,No,15039,9649,3087,36,100,13963,3124,6550,4731,708,957,90.0,97,13.6,15,11177,56,6.917521579035094,Low,0,0,1.9849211795511605,1.7957442588434667,0.675328745331237,1.6768446721554808,1.5691691808080093,-0.9783909818319574,1.0797775867330288,-0.4705936478805216,1.2011418370759805,1.3645882269351624,-0.06921364143108587,-0.5277223720549751,0.6892441478728566,-1.0987972149572356,-0.7164801708821779
SUNY at Stony Brook,No,12512,6969,1724,27,66,9744,1351,6550,4712,600,1200,91.0,96,10.5,7,13705,57,6.825546812336369,Low,0,0,1.6957249206649072,1.3086522302276562,0.19803987368047105,1.4297507236217977,0.9374922384855371,-0.9783909818319574,0.4496014388117547,-0.007652219826546156,1.285569340238181,1.2632379969775114,-0.9021518863751777,-1.4463049754933548,1.123122429718236,-1.0987972149572356,-1.2920441516014998
SUNY College  at Brockport,No,7294,3564,904,7,34,5758,1363,6550,4460,500,705,79.0,83,19.0,14,6632,49,6.548529001532491,Low,0,0,1.0787851593080193,0.7154942602360159,-1.6267810138219474,1.0315265544875447,0.943886560160843,-0.9783909818319574,-0.2291946039516519,-1.0836490146291118,0.3343576374315665,0.09569733284866454,1.222108344767349,-0.6263490551654358,-0.6668406807797778,-1.0987972149572356,-1.7570796523026282
SUNY College  at Oswego,No,8000,4556,1464,17,70,6943,869,6550,4810,500,1500,69.0,85,22.0,21,5280,63,6.596731434646565,Low,0,0,1.3080286488401565,1.1639590732768286,-0.4994689411839057,1.178476506491788,0.6254175275588529,-0.9783909818319574,-0.2291946039516519,0.4565508868862346,-0.3551734271494861,0.25767565625110594,1.8769734548205472,0.004942020606680277,-1.390777533121176,-1.0987972149572356,-1.2069154419293984
SUNY College at Buffalo,No,5318,3515,1025,8,29,7626,2091,6550,4040,550,1230,71.0,78,18.7,12,7511,42,6.381214898499822,Low,0,0,1.0657448281982194,0.8355631841537732,-1.4730544512765091,1.2499183886203393,1.2601087892710834,-0.9783909818319574,0.12366360001576755,0.043338678855853185,-0.2247648828620271,-0.28237352323745246,1.15448099537168,-0.8347120348951067,-0.30780338082559316,-1.0987972149572356,-0.5847587973795414
SUNY College at Cortland,No,7888,3519,1036,6,40,5011,346,6550,4680,630,1274,82.0,85,17.8,17,5563,53,6.589396526273923,Low,0,0,1.0668166091044984,0.8456598579090053,-1.7978331880954055,0.918454085401265,0.0163456076138118,-0.9783909818319574,0.6339700077405097,0.11608006943689453,0.5594977786457802,0.25767565625110594,0.9490194931800552,-0.3398815888114029,-1.2169946134274274,-1.0987972149572356,-2.046177793647904
SUNY College at Fredonia,No,4877,2798,814,13,48,4123,298,6550,4420,620,1481,82.0,90,16.3,10,6442,66,6.3346979244189265,Low,0,0,0.849045494997112,0.6134706073588976,-0.8676768730139961,0.7538142127712137,-0.07731029512284487,-0.9783909818319574,0.5733801240946069,0.42982502824679836,0.5594977786457802,0.6902976719925955,0.5973594417391935,-1.060970526681064,-0.754240590655305,-1.0987972149572356,-1.1782550072775246
SUNY College at Geneseo,No,8598,4562,1143,56,93,5060,146,6550,4170,600,650,79.0,84,19.1,25,5716,76,6.63411758804035,Low,0,0,1.309246811479627,0.9378552751892963,1.4803479884652577,0.9264850436777798,-0.5061565996033315,-0.9783909818319574,0.4496014388117547,-1.2442682363007733,0.3343576374315665,0.17590711389826053,1.244558309119232,0.31770887154146105,-1.128612551107959,-1.0987972149572356,-1.4716028469047504
SUNY College at New Paltz,No,8399,3609,656,19,53,4658,1478,6550,4240,550,1500,85.0,93,15.3,8,6608,53,6.621994633132084,Low,0,0,1.0905932184264597,0.3982901317082769,-0.3392340437249904,0.8576172367905968,1.00271850206878,-0.9783909818319574,0.12366360001576755,0.4565508868862346,0.7930785944456105,0.9692990979140862,0.35589122750062535,-1.310419180097965,-0.677666438356213,-1.0987972149572356,-2.157916891228817
SUNY College at Plattsburgh,No,5549,3583,853,9,40,5004,475,6550,4176,600,1380,80.0,90,17.9,16,6174,65,6.403956261080977,Low,0,0,1.0837901187431445,0.6592028941647026,-1.3330274833513371,0.9172989932875703,0.2196986185995941,-0.9783909818319574,0.4496014388117547,0.2821942160312559,0.4084666114840554,0.6902976719925955,0.9720449849419147,-0.4323290036172367,-0.8845111848103826,-1.0987972149572356,-0.6885675167292418
SUNY College at Potsdam,No,3150,2289,650,16,51,3598,234,6840,4660,500,1000,71.0,75,15.1,17,6436,59,6.095278175069627,Low,0,0,0.6554705617492927,0.3889689865355878,-0.5849046607537621,0.6346084824994297,-0.22602859273297324,-0.8828942952654918,-0.2291946039516519,-0.38127720177114266,-0.2247648828620271,-0.4912534379026085,0.30686892312721825,-0.3398815888114029,-0.7570652537230222,-1.0987972149572356,-0.13782155649778022
SUNY College at Purchase,No,2119,1264,390,5,33,2478,1441,6550,4760,1125,1362,80.0,100,14.9,8,8170,46,5.871448753234447,Low,0,0,0.06698761253069735,-0.1504629531750516,-1.9916231295773121,0.2894305154404771,0.9842541902497188,-0.9783909818319574,2.916017286610534,0.2548380018527777,0.4084666114840554,1.6789026453905742,0.25759334859915606,-1.310419180097965,-0.07856227609415525,-1.0987972149572356,-1.0232005345405348
Susquehanna University,Yes,2096,1512,465,27,59,1442,166,16130,4710,400,800,83.0,86,13.9,37,10554,90,5.865195497252083,High,2,1,0.24707821547234254,0.0400688442616145,0.19803987368047105,-0.2646308576986134,-0.431205973875573,1.3322527997760976,-1.0385747644227592,-0.8317407990918487,0.6364201082318471,0.3410143789166372,0.007245147886748601,1.1257980885897985,0.558305853463535,1.8150779933081982,-0.17382352004918375
Sweet Briar College,Yes,462,402,146,36,68,527,41,14500,6000,500,600,91.0,99,6.5,48,18953,61,4.948883988899113,Medium,1,1,-1.138891611227551,-1.31476876033242,0.675328745331237,-1.4866907469548132,-1.1985700260580425,1.0204503919613213,-0.2291946039516519,-1.4016057556008417,1.285569340238181,1.572409762644023,-2.1376362729688485,1.753076593954856,1.7214010175504895,0.3581403891754813,0.838057342379905
Syracuse University,Yes,10477,7260,2442,28,67,10142,117,15150,6870,635,960,73.0,84,11.3,13,14231,67,6.735623489006479,Medium,1,1,1.7324422543481257,1.6049874301035614,0.2564541555541443,1.4582191271318994,-0.6332185184089393,1.147419281351507,0.6639513463629467,-0.46424287831652533,-0.09060810988813835,0.17590711389826053,-0.6789541283407586,-0.7285459060471434,1.1981438371992335,0.3581403891754813,-0.3671963583869172
Tabor College,Yes,257,183,109,19,41,396,38,7850,3410,400,1500,55.0,70,10.0,15,7233,53,4.565474176468987,Low,0,1,-2.024410681046623,-1.6963443414031218,-0.3392340437249904,-1.8856391729747426,-1.2373062479710122,-0.5697016908076236,-1.0385747644227592,0.4565508868862346,-1.1631383334388996,-0.8104772611976783,-1.0450179270912505,-0.5277223720549751,-0.4140516721976221,-1.0987972149572356,-0.2371650471370599
Talladega College,Yes,4414,1500,335,30,60,908,119,5666,2964,1000,1400,56.0,58,15.5,7,5970,46,6.280732991106399,Low,0,1,0.23911562836029182,-0.3193264332249532,0.3687770077049723,-0.7928756937518195,-0.6235905241576438,-1.2878473531290051,2.4385556153715937,0.31220519615957604,-1.1115113391571876,-1.4375163915219222,0.40466484905643485,-1.4463049754933548,-0.9896674010694586,-1.0987972149572356,-2.769213147219278
Taylor University,Yes,1769,1092,437,41,80,1757,81,10965,4000,450,1250,60.0,61,14.2,32,8294,98,5.767367161564563,Medium,1,1,-0.08171294046361002,-0.026618478703078787,0.9029060992795955,-0.05479228101555204,-0.8381790084362992,0.25471754310896433,-0.6142542984789047,0.07669669114387034,-0.8956449178437978,-1.2983753500580535,0.0830645638304953,0.808539510579746,-0.03859499735607174,0.3581403891754813,-0.8817800126741947
Tennessee Wesleyan College,Yes,232,182,99,7,29,402,237,7070,3640,400,3158,59.0,65,8.9,16,6286,36,4.496878667254673,Low,0,1,-2.030746874935682,-1.8257713796288695,-1.6267810138219474,-1.864018810968551,-0.21828095609480486,-0.8090303493988384,-1.0385747644227592,2.0619860652872974,-0.9510154817010009,-1.094880026424442,-1.3695004894439946,-0.4323290036172367,-0.8290283365346829,-1.0987972149572356,0.2554605032324305
Texas A&M Univ. at College Station,No,14474,10519,6392,49,85,31643,2798,5130,3412,600,2144,89.0,91,23.1,29,8471,69,6.8984774166885305,Low,0,0,2.0605630682919736,2.3462225827661416,1.2273850455284772,2.1713038027311122,1.4831034831862213,-1.4912463226655415,0.4496014388117547,1.2158116761978381,1.1176527018812943,0.7816568116943878,2.1082507547381426,0.605737985971725,0.01688496829091491,-1.0987972149572356,-0.1372450643464409
Texas A&M University at Galveston,No,529,481,243,22,47,1206,134,4860,3122,600,650,75.0,88,17.4,16,6415,43,5.035114209254137,Low,0,0,-0.9436663042222447,-0.6891883851058762,-0.12094221917214974,-0.46242387309340777,-0.5557012352251401,-1.5990288354894489,0.4496014388117547,-1.2442682363007733,0.0472975055627926,0.5124477851823425,0.8564097284492161,-0.4323290036172367,-0.7669836450552817,-1.0987972149572356,1.1042507667611514
Texas Christian University,Yes,4095,3079,1195,33,64,5064,660,8490,3320,650,2400,81.0,93,14.8,23,9158,64,6.239890708678926,Low,0,1,0.940365005236253,0.9791318574624632,0.5272445442404738,0.9271364441392261,0.43762840093604244,-0.3847547959295772,0.7526774067369608,1.4597682930680167,0.4835133023364041,0.9692990979140862,0.23285911133526874,0.16480224108923644,0.21634640346214432,-1.0987972149572356,0.033772333107269605
Texas Lutheran College,Yes,497,423,215,27,57,895,429,7850,3410,490,1700,54.0,58,13.8,24,7002,50,4.995487905157884,Low,0,1,-1.0832379912377013,-0.8350844142559638,0.19803987368047105,-0.8102200987619123,0.1536363248892522,-0.5697016908076236,-0.3034345775074199,0.720306207993199,-1.2138296794549612,-1.4375163915219222,-0.018169123018266124,0.24207061628816592,-0.5072473790267931,-1.0987972149572356,0.7086557356879208
Texas Southern University,No,4345,3245,2604,15,85,5584,3101,7860,3360,600,1700,65.0,75,18.2,21,3605,10,6.272173243970487,Low,0,0,0.9902156886040233,1.657947589393293,-0.6744109272506593,1.0068522974271437,1.5633690716498796,-0.5667371044636494,0.4496014388117547,0.720306207993199,-0.6047483730462211,-0.4912534379026085,1.040823052329025,0.004942020606680277,-2.8219943523408038,-1.0987972149572356,-0.0006276084901261112
Texas Wesleyan University,Yes,592,501,279,19,44,1204,392,6400,3484,600,1800,80.0,83,14.5,10,7936,43,5.106116087541796,Low,0,1,-0.899674039830938,-0.5278077443510664,-0.3392340437249904,-0.4642972451242588,0.09569071633753531,-1.0288789635676352,0.4496014388117547,0.8415717373961816,0.4084666114840554,0.09569733284866454,0.15826329539749684,-1.060970526681064,-0.15659349686459612,-1.0987972149572356,0.6758492505194044
The Citadel,No,1500,1242,611,12,36,2024,292,7070,2439,400,779,95.0,94,17.1,17,7744,84,5.671065500264673,Low,0,0,0.04921693959784452,0.32585649259740807,-0.9727316677869278,0.08997563102792064,-0.08995891108504199,-0.8090303493988384,-1.0385747644227592,-0.884944852435625,1.632664244935875,1.0656043502924986,0.7864078276084665,-0.3398815888114029,-0.2233190045675229,-1.0987972149572356,0.5514775764210144
Thiel College,Yes,1154,951,253,15,31,791,140,11172,4958,700,1350,68.0,76,11.6,16,9186,60,5.515568831752228,Medium,1,1,-0.2236516619690418,-0.6417250496696661,-0.6744109272506593,-0.9610553969776796,-0.5304503828713003,0.30370601093351696,1.0360807080301793,0.23641393781517428,-0.4189723100864871,-0.4230962065588109,-0.5968513856813783,-0.4323290036172367,0.22398473987836037,0.3581403891754813,0.5248814318233085
Tiffin University,Yes,845,734,254,5,21,662,351,7600,3800,600,1200,59.0,74,19.0,40,5096,39,5.326865792722168,Low,0,1,-0.49324428126084785,-0.6370980655758132,-1.9916231295773121,-1.1857513899938574,0.025416014696842598,-0.6446369254313375,0.4496014388117547,-0.007652219826546156,-0.9510154817010009,-0.5579571392876599,1.222108344767349,1.3055390172857926,-1.5116766930690706,-1.0987972149572356,0.8279163675814568
Transylvania University,Yes,759,729,244,57,81,867,51,10900,4450,500,1000,81.0,91,12.1,41,10219,70,5.260878421828142,Medium,1,1,-0.5004246054605627,-0.6843415439833753,1.51453184767177,-0.8486430137583104,-1.0856771595189671,0.2392094638614887,-0.2291946039516519,-0.38127720177114266,0.4835133023364041,0.7816568116943878,-0.4618260387652622,1.3638859589907049,0.4828550519351407,0.3581403891754813,1.4526067788435109
Trenton State College,No,5042,2312,944,55,94,5167,902,5391,5411,700,1000,81.0,87,14.4,6,8504,81,6.352611678880055,Low,0,0,0.6651729503259113,0.7571398927397619,1.4457068812376728,0.9436971753162882,0.6512543948436128,-1.3905438294422738,1.0360807080301793,-0.38127720177114266,0.4835133023364041,0.4259346495311623,0.1332649014169342,-1.5915826153084158,0.027031275377794657,-1.0987972149572356,-1.9616422465827432
Tri-State University,Yes,1262,1102,276,14,40,978,98,9456,4350,468,1323,53.0,53,12.8,24,7603,65,5.568952398778222,Medium,1,1,-0.07240163526935939,-0.5403135442163238,-0.7684736752694478,-0.7044153762479795,-0.7329188116093822,-0.12220977454924682,-0.4715249373842091,0.19439905276860778,-1.2635854783881688,-1.644788026270866,-0.27638263533977875,0.24207061628816592,-0.2739678820120521,0.3581403891754813,0.8590576945569999
Trinity College CT,Yes,3058,1798,478,46,84,1737,244,18810,5690,500,680,91.0,96,10.4,48,18034,91,6.0787659102397535,High,2,1,0.41911801580582014,0.06947392682514149,1.1106782881401172,-0.06670494037029921,-0.20054132061807592,1.8026950754757654,-0.2291946039516519,-1.1551642114565452,1.285569340238181,1.2632379969775114,-0.9305096236198235,1.753076593954856,1.636365469931966,1.8150779933081982,-1.0813043418270198
Trinity College DC,Yes,247,189,100,19,49,309,639,11412,6430,500,900,89.0,93,8.3,37,11806,96,4.538932925482617,Medium,1,1,-1.9871544026441479,-1.81216410442926,-0.3392340437249904,-2.252767297436137,0.4158892447449324,0.35976342735151623,-0.2291946039516519,-0.5948985251698033,1.1176527018812943,0.9692990979140862,-1.5530655010797432,1.1257980885897985,0.8104958464425481,0.3581403891754813,0.12417233405067507
Trinity College VT,Yes,222,185,91,16,41,484,541,11010,5208,550,500,58.0,78,10.4,26,9586,78,4.467188505843021,Medium,1,1,-2.0118486128613,-1.940681649321754,-0.5849046607537621,-1.6029104980940039,0.30505375137088064,0.2654185600150788,0.12366360001576755,-1.7565250579131293,-1.0054500100654609,-0.28237352323745246,-0.9305096236198235,0.3918121831278882,0.3293215174451075,0.3581403891754813,0.5877564781535833
Trinity University,Yes,2425,1818,601,62,93,2110,95,12240,5150,500,490,94.0,96,9.6,20,14703,93,5.948328236816618,Medium,1,1,0.43003347275396586,0.30892309031456744,1.679056928777311,0.13171204767915254,-0.7502317576043804,0.5474170329275875,-0.2291946039516519,-1.7955587088891283,1.5444826653483823,1.2632379969775114,-1.161322711796831,-0.07789765626183243,1.2619120716227716,0.3581403891754813,0.018794836291012664
Tulane University,Yes,7033,5125,1223,47,75,4941,1534,19040,5950,350,800,98.0,98,9.1,21,16920,74,6.529428498583578,High,2,1,1.416521185578292,1.0005085231304207,1.1501937769220463,0.906813714741814,1.0298871131062561,1.8409611002200534,-1.5119094043589478,-0.8317407990918487,1.902841217007688,1.467641878959388,-1.3093907999241707,0.004942020606680277,1.5238657445286348,1.8150779933081982,-0.12393906050918746
Tusculum College,Yes,626,372,145,12,34,983,40,7700,3400,450,800,70.0,70,21.9,28,4933,52,5.141139649244592,Low,0,1,-1.2240371893375837,-1.323547002128521,-0.9727316677869278,-0.6983938293123917,-1.211189781762898,-0.6144713011269085,-0.6142542984789047,-0.8317407990918487,-0.2904376445599966,-0.8104772611976783,1.8557276207949025,0.5357515534995189,-1.6245426270447465,-1.0987972149572356,-1.038564096718932
Tuskegee University,Yes,2267,1827,611,20,59,2825,144,6735,3395,600,1425,70.0,74,12.2,7,10872,65,5.910022413182068,Low,0,1,0.43490361288682566,0.32585649259740807,-0.2637884142137955,0.4139599285608706,-0.5141529033467143,-0.9171578511306657,0.4496014388117547,0.34916560028732013,-0.2904376445599966,-0.5579571392876599,-0.43508339754859504,-1.4463049754933548,0.6265873133132989,-1.0987972149572356,0.40122099146622164
Union College KY,Yes,484,384,177,9,45,634,78,7800,2950,500,600,60.0,88,14.1,9,6864,64,4.978601224091876,Low,0,1,-1.1891273623576988,-1.0725717048206616,-1.3330274833513371,-1.2416292145616146,-0.8587961830100914,-0.5845619581984869,-0.2291946039516519,-1.4016057556008417,-0.8956449178437978,0.5124477851823425,0.0578612934555406,-1.18236541463741,-0.5652181185300666,-1.0987972149572356,0.3160394972020137
Union College NY,Yes,3495,1712,528,49,84,1915,123,18732,6204,450,1024,94.0,96,11.5,49,15411,88,6.152894279095604,High,2,1,0.370654306572479,0.17454037653600893,1.2273850455284772,0.03385956850905595,-0.6047642301072242,1.7896481341489057,-0.6142542984789047,-0.33296090090390323,1.5444826653483823,1.2632379969775114,-0.6241261617099947,1.806191872967965,1.3518622230407658,1.8150779933081982,-1.7487682820367645
Univ. of Wisconsin at OshKosh,No,4800,2900,1515,14,48,7764,1472,6874,2394,518,1890,73.0,78,19.2,14,5901,56,6.326114377758061,Low,0,0,0.8832832015319952,1.1945691191867365,-0.7684736752694478,1.2634072348988183,0.999752792162347,-0.8718735419062877,-0.0987631367899001,0.9454905473219631,-0.09060810988813835,-0.28237352323745246,1.2669625914791942,-0.6263490551654358,-1.0264983763893731,-1.0987972149572356,-0.9711025806677056
University of Alabama at Birmingham,No,1797,1260,938,24,35,6960,4698,4440,5175,750,2200,96.0,96,6.7,16,16352,33,5.776475555407958,Low,0,0,0.06378129910115955,0.751024196865221,0.012544204192919739,1.1803572127717512,1.8960902946938596,-1.7748036637248292,1.3023649764046783,1.2713984993834921,1.7217844915537215,1.2632379969775114,-2.0698170551140307,-0.4323290036172367,1.462001044862406,-1.0987972149572356,-0.3112668066424253
University of Arkansas at Fayetteville,No,3235,3108,2133,25,65,9978,1530,5028,3300,500,2000,73.0,89,14.8,10,6820,39,6.110080614927941,Low,0,0,0.9492780032590927,1.491717531080066,0.07620224590010687,1.4466562581466995,1.0279763910974948,-1.5315158934069486,-0.2291946039516519,1.066451766681205,-0.09060810988813835,0.6005650532112241,0.23285911133526874,-1.060970526681064,-0.5840809747044412,-1.0987972149572356,1.4544269184998055
University of California at Berkeley,No,19873,8252,3215,95,100,19532,2061,11648,6246,636,1933,93.0,97,15.8,10,13919,78,7.054547466700005,Medium,1,0,1.8467280390910596,1.8281179003980597,2.5709000589305027,1.890470107406125,1.2492110406897876,0.4141362996776661,0.6699229208590907,0.9935325617771228,1.4572396942508257,1.3645882269351624,0.47736869024981116,-1.060970526681064,1.154171791885285,0.3581403891754813,-2.2562594103536266
University of California at Irvine,No,15698,10775,2478,85,100,12677,864,12024,5302,790,1818,96.0,96,16.1,11,15934,66,6.938787369631968,Medium,1,0,2.081551580548874,1.6170997710166677,2.328985093693537,1.6123816807372353,0.621425963924429,0.49928863075783714,1.5044759215367796,0.8627345908343734,1.7217844915537215,1.2632379969775114,0.5495374102901839,-0.9453261344609437,1.4143155838685064,0.3581403891754813,-0.4117737167333923
University of Central Florida,No,6986,2959,1918,25,60,12330,7152,6618,4234,700,1600,80.0,98,22.2,9,6742,46,6.5259082320091455,Low,0,0,0.9025045295958058,1.4010996575630963,0.07620224590010687,1.5936115479483477,2.246879346313096,-0.9557531780269051,1.0360807080301793,0.5922469197789686,0.4084666114840554,1.467641878959388,1.9193527444940255,-1.18236541463741,-0.6179852552429093,-1.0987972149572356,-2.1996326579695147
University of Charleston,Yes,682,535,204,22,43,771,611,9500,3540,400,750,26.0,58,2.5,10,7683,57,5.19459927063122,Medium,1,1,-0.8290300689495345,-0.8985167294850508,-0.12094221917214974,-0.9928406465373613,0.3858796400925126,-0.11067976598596968,-1.0385747644227592,-0.9606431574678065,-2.253790100403761,-1.4375163915219222,-3.7424607303623523,-1.060970526681064,-0.2450549443153363,0.3581403891754813,0.255288537056
University of Chicago,Yes,6348,2999,922,68,94,3340,39,18930,6380,500,1254,75.0,99,5.3,36,36854,90,6.475441504211611,High,2,1,0.9153042955787997,0.7344925447606222,1.8639323064397797,0.567969576460525,-1.224097127110629,1.822698070132443,-0.2291946039516519,0.08330894295855748,0.0472975055627926,1.572409762644023,-2.563082387024454,1.0642129526815685,2.6637356261473233,1.8150779933081982,-1.867198740103555
University of Cincinnati,No,6855,5553,2408,26,57,11036,2011,8907,4697,556,1851,89.0,95,10.8,6,13889,54,6.515960708174569,Medium,1,0,1.489959168398761,1.5933573716442349,0.13799295441079093,1.5174796653663354,1.230726341043564,-0.2691319034869906,0.16410788671962823,0.9010341893278019,1.1176527018812943,1.1635803366973685,-0.8177024914772081,-1.5915826153084158,1.149863584757609,0.3581403891754813,0.42948282316603803
University of Connecticut at Storrs,No,9735,7187,2064,23,63,12478,1660,11656,5072,700,2300,89.0,95,16.0,16,10178,71,6.698070669850339,Medium,1,0,1.723381213388978,1.4638287111455643,-0.053119072030679164,1.6016950279804056,1.0878884534770614,0.41596671228661986,1.0360807080301793,1.3674797929567883,1.1176527018812943,1.1635803366973685,0.525539763472362,-0.4323290036172367,0.4733585081742645,0.3581403891754813,-0.058933112630157866
University of Dallas,Yes,681,588,246,44,74,1058,73,10760,6230,500,1200,85.0,93,13.4,26,8731,63,5.193686518375812,Medium,1,1,-0.7279619141912383,-0.6747162346749285,1.0296888476949617,-0.6123152180546504,-0.8948021543303765,0.2055998999545201,-0.2291946039516519,-0.007652219826546156,0.7930785944456105,0.9692990979140862,-0.12055104982347017,0.3918121831278882,0.09521586942666245,0.3581403891754813,0.7925245083071198
University of Dayton,Yes,6361,5293,1507,26,51,5889,665,11380,4220,500,900,75.0,85,14.8,25,8894,93,6.476523250278816,Medium,1,1,1.4461024322407194,1.1898468201751393,0.13799295441079093,1.0495110089572814,0.4427124119327028,0.35233413602904207,-0.2291946039516519,-0.5948985251698033,0.0472975055627926,0.25767565625110594,0.23285911133526874,0.31770887154146105,0.14251299419425043,0.3581403891754813,0.5793797076898646
University of Delaware,Yes,14446,10516,3252,22,57,14130,4522,10220,4230,530,1300,75.0,87,18.3,15,10650,75,6.8975129902149535,Medium,1,1,2.0603138831555903,1.8371996271991002,-0.12094221917214974,1.6846829878025082,1.8649351508193885,0.0732028850292741,-0.013985659609939928,0.15797762173098692,0.0472975055627926,0.4259346495311623,1.0636508731902279,-0.5277223720549751,0.5792501953627256,0.3581403891754813,-0.12907579467556915
University of Denver,Yes,2974,2001,580,29,60,2666,554,15192,4695,400,1350,84.0,91,15.9,21,11762,67,6.063217241046134,Medium,1,1,0.5243231695301871,0.27228040366240996,0.3133361961439693,0.35935628318902235,0.320750703546702,1.1554993163705916,-1.0385747644227592,0.23641393781517428,0.7142803580969322,0.7816568116943878,0.5014836937996878,0.004942020606680277,0.8023405100292099,0.3581403891754813,-0.5040262068043366
University of Detroit Mercy,Yes,927,731,415,24,50,2149,2217,11130,3996,600,2166,75.0,79,13.5,14,10891,51,5.38339211933868,Medium,1,1,-0.49754617590980643,-0.08257121658372611,0.012544204192919739,0.14996122975798218,1.3043931328760674,0.29381484459649704,0.4496014388117547,1.2378078983401328,0.0472975055627926,-0.20978440474634713,-0.09484535878691201,-0.6263490551654358,0.6305694250763128,0.3581403891754813,0.28323090738061
University of Dubuque,Yes,576,558,137,11,39,662,131,10430,3620,400,1500,85.0,98,16.5,18,8767,45,5.088880136969894,Medium,1,1,-0.7839117239769358,-1.3963882439476925,-1.0845174670653988,-1.1857513899938574,-0.5687111330584819,0.12522440416640768,-1.0385747644227592,0.4565508868862346,0.7930785944456105,1.467641878959388,0.6449537276656453,-0.2501326687269887,0.10577846470793255,0.3581403891754813,1.5089004674570712
University of Evansville,Yes,2096,1626,694,35,67,2551,407,11800,4340,700,960,60.0,81,15.8,26,7780,77,5.865195497252083,Medium,1,1,0.31951476225497355,0.4551285322505343,0.6270233788095004,0.3173270966569102,0.11975275469968777,0.44877394394675324,1.0360807080301793,-0.46424287831652533,-0.8956449178437978,-0.060091883356808096,0.47736869024981116,0.3918121831278882,-0.21061473611397613,0.3581403891754813,0.1961485813504551
University of Florida,No,12445,8836,3623,54,85,24470,3286,7090,4180,630,1530,88.0,97,13.4,20,14737,66,6.822843785873248,Low,0,0,1.907331082386403,1.9221592618035328,1.4105939265800689,2.0253635456994954,1.6089651415369164,-0.8026824351599816,0.6339700077405097,0.4981180852211085,1.0351018728628827,1.3645882269351624,-0.12055104982347017,-0.07789765626183243,1.266383572229228,-1.0987972149572356,-0.2511657949862839
University of Georgia,No,11220,7871,3320,43,79,19553,2748,5697,3600,525,1755,88.0,95,14.7,22,7881,63,6.77047072584066,Low,0,0,1.8046650265790132,1.853583672054402,0.9881629366230471,1.891129142589731,1.4691111622983395,-1.276477684445451,-0.0491042890162079,0.7877948856950783,1.0351018728628827,1.1635803366973685,0.20805976907672294,0.08579840488433134,-0.17545112803170976,-1.0987972149572356,-0.308909558986596
University of Hartford,Yes,5081,4040,1194,11,26,3768,1415,14220,6000,500,1440,61.0,76,10.7,9,10625,66,6.356753968173476,Medium,1,1,1.1963022950735003,0.9783577487171459,-1.0845174670653988,0.6754123454724499,0.9710219114484213,0.9646028662698494,-0.2291946039516519,0.37105468912027983,-0.8393382257670974,-0.4230962065588109,-0.845749676894635,-1.18236541463741,0.573824056213022,0.3581403891754813,0.32781182824189053
University of Hawaii at Manoa,No,3580,2603,1627,36,69,11028,2411,4460,3038,687,1281,85.0,87,11.8,6,12833,54,6.166153548424444,Low,0,0,0.7797104357282143,1.257810657300451,0.675328745331237,1.5169756164196913,1.3683298821629357,-1.76619134647448,0.9641364521802115,0.12743750690226258,0.7930785944456105,0.4259346495311623,-0.5425747226939668,-1.5915826153084158,0.9884402353632672,-1.0987972149572356,-0.13490809721059774
University of Illinois - Urbana,No,14939,11652,5705,52,88,25422,911,7560,4574,500,1982,87.0,90,17.4,13,8559,81,6.914207423465989,Low,0,0,2.149611595850344,2.2642260283824203,1.3388902885586311,2.0475539327118266,0.6581529004723541,-0.6567761844143083,-0.2291946039516519,1.0470863898888947,0.9534892875353681,0.6902976719925955,0.8564097284492161,-0.7285459060471434,0.043807534141639896,-1.0987972149572356,0.22477621887653604
University of Illinois at Chicago,No,8384,5727,2710,22,50,13518,2916,7230,5088,630,3228,82.0,84,10.0,6,13883,34,6.621068383970585,Low,0,0,1.5181002134795203,1.6905841105627035,-0.12094221917214974,1.6553875954504924,1.5152522908901147,-0.7585730793018399,0.6339700077405097,2.1106196895949063,0.5594977786457802,0.17590711389826053,-1.0450179270912505,-1.5915826153084158,1.1490002206765424,-1.0987972149572356,-0.4342644072186676
University of Indianapolis,Yes,1487,1276,388,26,51,1417,1646,11120,4080,525,1405,55.0,56,11.1,23,6735,69,5.665951444480232,Medium,1,1,0.07654185411473431,-0.15611003521732186,0.13799295441079093,-0.28364633870768746,1.0816436938410687,0.29145619209003254,-0.0491042890162079,0.3196458988787172,-1.1631383334388996,-1.5240531582747878,-0.7341609556836695,0.16480224108923644,-0.6210575300641341,0.3581403891754813,0.7562508729690157
University of Kansas,No,8579,5561,3681,25,50,17880,1673,6994,3384,700,2681,88.0,94,13.7,17,9657,57,6.63297318448911,Low,0,0,1.4912735666800652,1.934531050983066,0.07620224590010687,1.8357382524825225,1.0936448048848126,-0.8332605870500661,1.0360807080301793,1.7012297382962143,1.0351018728628827,1.0656043502924986,-0.043655143285563025,-0.3398815888114029,0.34731247277801824,-1.0987972149572356,-0.6715017928047232
University of La Verne,Yes,1597,969,226,16,38,1431,1522,13540,5050,630,2298,75.0,68,14.1,23,10139,47,5.707785265769393,Medium,1,1,-0.20432146156172695,-0.7752895170109221,-0.5849046607537621,-0.27294776678377497,1.0241414034245055,0.8258971276970903,0.6339700077405097,1.3655963955504866,0.0472975055627926,-0.9283307329438812,0.0578612934555406,0.16480224108923644,0.46427029354870447,0.3581403891754813,-0.9534437343817466
University of Louisville,No,4777,3057,1823,16,33,9844,6198,6540,3600,530,2440,84.0,92,11.1,24,10207,31,6.323521785961549,Low,0,0,0.9335433395268352,1.3572478929986764,-0.5849046607537621,1.4370352226349188,2.125738955686632,-0.981733073524185,-0.013985659609939928,1.4956898406535546,0.7142803580969322,0.8746535950171559,-0.7341609556836695,0.24207061628816592,0.48008166646577477,-1.0987972149572356,-0.7277524206298154
University of Maine at Farmington,No,1208,803,438,20,48,1906,344,6810,3970,450,1647,67.0,75,15.9,26,5712,59,5.542900819755318,Low,0,0,-0.3991783104306629,-0.024152804816164396,-0.2637884142137955,0.02905277811247962,0.012684336004188607,-0.8926484154358019,-0.6142542984789047,0.6533309979976344,-0.48183437398018664,-0.4912534379026085,0.5014836937996878,0.3918121831278882,-1.1308766201469922,-1.0987972149572356,-0.5590982899858599
University of Maine at Machias,No,441,369,172,17,45,633,317,6600,3680,600,400,46.0,46,15.1,4,5935,64,4.9190659875160625,Low,0,0,-1.232952891624604,-1.1081651194371072,-0.4994689411839057,-1.243680236741276,-0.03871727414809322,-0.9617306099652749,0.4496014388117547,-2.1844360205206956,-1.5856896657426467,-1.886083615874445,0.30686892312721825,-1.9198799308640517,-1.0082672446913603,-1.0987972149572356,0.6108935328299656
University of Maine at Presque Isle,No,461,381,235,10,40,974,503,6600,3630,400,1675,67.0,67,15.2,11,6408,35,4.947497341280689,Low,0,0,-1.197744334541909,-0.7288109286262688,-1.204141438433242,-0.7092596957565481,0.2571389913457858,-0.9617306099652749,-1.0385747644227592,0.6889587036963638,-0.48183437398018664,-0.9851988400469104,0.33141144399481504,-0.9453261344609437,-0.7703009114589185,-1.0987972149572356,0.5410306692518202
University of Maryland at Baltimore County,No,4269,2594,985,27,57,6476,2592,8594,4408,494,2768,82.0,88,18.4,6,7618,55,6.262574704197891,Low,0,0,0.7763774732184067,0.7977656716418373,0.19803987368047105,1.1245026651860146,1.4239303130077785,-0.35557524157334236,-0.27358158798631893,1.7712431067366743,0.5594977786457802,0.5124477851823425,1.0864302146786262,-1.5915826153084158,-0.26851105265608116,-1.0987972149572356,-0.9475001021050884
University of Maryland at College Park,No,14292,10315,3409,22,53,19340,3991,8723,5146,550,1550,89.0,92,18.1,12,9021,63,6.892172544076047,Low,0,0,2.0434430326512665,1.8744520353077916,-0.12094221917214974,1.8844043076223858,1.7638297706054864,-0.31970191967781514,0.12366360001576755,0.5254123188243783,1.1176527018812943,0.8746535950171559,1.0179463816947247,-0.8347120348951067,0.17844729126941572,-1.0987972149572356,-0.17138563277534022
University of Massachusetts at Amherst,No,14438,12414,3816,12,39,16282,1940,8566,3897,500,1400,88.0,92,16.7,15,10276,68,6.8972370714382505,Low,0,0,2.2044407479898003,1.9624771181266614,-0.9727316677869278,1.776587241165163,1.2037534001795105,-0.3634083515762949,-0.2291946039516519,0.31220519615957604,1.0351018728628827,0.8746535950171559,0.6923240937679691,-0.5277223720549751,0.49596035369373787,-1.0987972149572356,0.767888336302459
University of Massachusetts at Dartmouth,No,3347,2597,1006,10,37,4664,1630,6919,4500,500,1250,74.0,90,15.0,20,7462,56,6.128960233285618,Low,0,0,0.7774898326326393,0.8178255806052226,-1.204141438433242,0.858697749193889,1.0744479422208495,-0.8573421766588876,-0.2291946039516519,0.07669669114387034,-0.022123945179242006,0.6902976719925955,0.2822630870249347,-0.07789765626183243,-0.3260865566912732,-1.0987972149572356,0.1972054838148925
University of Miami,Yes,7122,5386,1643,42,69,7760,876,16500,6526,630,1985,82.0,94,5.9,17,17500,59,6.536025921406883,High,2,1,1.462049143597832,1.266434044922425,0.9459121453121655,1.2630203777128364,0.6309710856634577,1.4001159381906774,0.6339700077405097,1.050325231713774,0.5594977786457802,1.0656043502924986,-2.3461430732055244,-0.3398815888114029,1.5838170454413532,1.8150779933081982,0.0634010376739086
University of Michigan at Ann Arbor,No,19152,12940,4893,66,92,22045,1339,15732,4659,476,1600,75.0,98,11.5,26,14847,87,7.036538600806045,High,2,0,2.2402291217149335,2.151209744252929,1.803706059890135,1.9637320097310902,0.931046526350825,1.2581024945757655,-0.4096198220981821,0.5922469197789686,0.0472975055627926,1.467641878959388,-0.6241261617099947,0.3918121831278882,1.280741846102545,1.8150779933081982,-0.4848692583787234
University of Minnesota at Duluth,No,4192,3126,1656,15,45,5887,1254,8828,3474,753,2610,79.0,91,19.0,11,6393,53,6.2526610759487244,Medium,1,0,0.9547655992024515,1.27336953066612,-0.6744109272506593,1.049240114478577,0.88383879346298,-0.29075914612577886,1.317845070314493,1.6425156223150184,0.3343576374315665,0.7816568116943878,1.222108344767349,-0.9453261344609437,-0.7774281956073129,0.3581403891754813,-0.008309685212503809
University of Minnesota at Morris,No,1458,874,588,56,86,1846,154,9843,3180,600,1500,74.0,78,14.6,16,6716,51,5.654368203351905,Medium,1,0,-0.3110067974520271,0.2864173028585362,1.4803479884652577,-0.0037159682714109697,-0.4751279270605347,-0.021978603319396543,0.4496014388117547,0.4565508868862346,-0.022123945179242006,-0.28237352323745246,0.18319470580243435,-0.4323290036172367,-0.6294214451007857,0.3581403891754813,-1.0031778699438638
University of Minnesota Twin Cities,No,11054,6397,3524,26,55,16502,21836,8949,3744,714,2910,88.0,90,12.2,37,16122,45,6.762904491899033,Medium,1,0,1.6185185652631666,1.9005047833278268,0.13799295441079093,1.785141538068163,3.252464204603436,-0.25768515161973476,1.1122688326987837,1.881256136776561,1.0351018728628827,0.6902976719925955,-0.43508339754859504,1.1257980885897985,1.4359985453353676,0.3581403891754813,-1.1443034448935356
University of Mississippi,No,3844,3383,1669,26,47,7524,804,4916,3810,600,550,75.0,86,20.3,14,6971,53,6.205278320808495,Low,0,0,1.0296251232895002,1.2802425003398006,0.13799295441079093,1.239755680145494,0.5718300632983053,-1.5763565286293988,0.4496014388117547,-1.5715860927236946,0.0472975055627926,0.3410143789166372,1.5104862816404492,-0.6263490551654358,-0.5201155153614891,-1.0987972149572356,0.9056923527935123
University of Missouri at Columbia,No,6574,4637,2940,32,62,14782,1583,9057,3485,600,1983,87.0,87,12.7,15,10145,58,6.49391699017328,Medium,1,0,1.3243309032175472,1.7565987558111142,0.4756588429698257,1.7142382076551925,1.0529361064663343,-0.22841180351046542,0.4496014388117547,1.0481665078771898,0.9534892875353681,0.4259346495311623,-0.3026284436876273,-0.5277223720549751,0.4656719870602194,0.3581403891754813,-0.28279368130985316
University of Missouri at Rolla,No,1877,1826,823,49,77,3926,561,9057,3600,700,1435,88.0,88,14.4,23,9699,49,5.801683617127995,Medium,1,0,0.43436375433048685,0.6242452977896328,1.2273850455284772,0.7113727750420918,0.3290659175990147,-0.22841180351046542,1.0360807080301793,0.3637818800188296,1.0351018728628827,0.5124477851823425,0.1332649014169342,0.16480224108923644,0.35785927255386774,0.3581403891754813,1.5366469053956016
University of Missouri at Saint Louis,No,1618,1141,479,18,54,4793,4552,7246,3964,500,4288,71.0,73,13.4,15,6433,48,5.715419665357875,Low,0,0,-0.03693139536299752,0.0716975586031748,-0.41769469988544683,0.8815270795642023,1.8703220848959312,-0.753567850621616,-0.2291946039516519,2.74771367412753,-0.2247648828620271,-0.6232192944825511,-0.12055104982347017,-0.5277223720549751,-0.7584791088066984,-1.0987972149572356,-0.2839013122380045
University of Mobile,Yes,452,331,269,17,54,1417,301,6150,3680,550,1200,59.0,63,16.6,4,5412,52,4.9348703684150586,Low,0,1,-1.3531012221057366,-0.5701138464304865,-0.4994689411839057,-0.28364633870768746,-0.07107182401564707,-1.1147821063052947,0.12366360001576755,-0.007652219826546156,-0.9510154817010009,-1.199238322126377,0.6686666659070798,-1.9198799308640517,-1.3079760463630983,-1.0987972149572356,-0.09949594681348595
University of Montevallo,No,1351,892,570,18,78,2385,331,4440,3030,300,600,72.0,72,18.9,8,5883,51,5.609383830635712,Low,0,0,-0.28986894342405867,0.2542896568747745,-0.41769469988544683,0.25240421584968076,-0.01159251633041347,-1.7748036637248292,-2.048308048513365,-1.4016057556008417,-0.1581550637201262,-0.6870519494859656,1.1996123641074883,-1.310419180097965,-1.0362158831678892,-1.0987972149572356,-0.5895959258710542
University of Nebraska at Lincoln,No,6277,6003,3526,33,63,16454,3171,5595,3145,500,2070,86.0,92,15.1,48,6813,53,6.469491259827098,Low,0,0,1.5609142978087445,1.9009491620314671,0.5272445442404738,1.7832870485739147,1.5809028788708566,-1.3140424282305816,-0.2291946039516519,1.1402587274106681,0.8728148827034736,0.8746535950171559,0.30686892312721825,1.753076593954856,-0.587099195997888,-1.0987972149572356,1.4245423219433524
University of New England,Yes,1209,750,265,19,54,820,159,11450,5045,900,2500,75.0,75,11.4,13,9718,64,5.543394526614029,Medium,1,1,-0.4706138362008873,-0.5875470383187643,-0.3392340437249904,-0.9166665828977453,-0.4564648167414976,0.3685679569333126,2.0175449906937217,1.5485627320659785,0.0472975055627926,-0.4912534379026085,-0.6514933665420364,-0.7285459060471434,0.36260733366640074,0.3581403891754813,-0.8610365113216502
University of New Hampshire,No,9750,7640,2529,24,62,10358,1338,11180,3862,650,2450,89.0,87,17.5,16,7855,75,6.698859856026742,Medium,1,0,1.7780882738730814,1.6339158350259935,0.012544204192919739,1.4731051711626768,0.9305070365698836,0.3055872717085839,0.7526774067369608,1.5045850058589698,1.1176527018812943,0.4259346495311623,0.8796391417393972,-0.4323290036172367,-0.1844364619201776,0.3581403891754813,0.2493859523786675
University of North Carolina at Asheville,No,1757,979,394,32,74,2033,1078,5972,3420,600,750,77.0,83,13.0,11,7011,37,5.763416112045589,Low,0,0,-0.19374765459674304,-0.1392683366597052,0.4756588429698257,0.09444379004679493,0.7761419744386268,-1.1773533231047915,0.4496014388117547,-0.9606431574678065,0.18895256078278097,0.09569733284866454,-0.22412911897517096,-0.9453261344609437,-0.503527914514967,-1.0987972149572356,-1.2905852076657458
University of North Carolina at Chapel Hill,No,14596,5985,3331,75,92,14609,1100,8400,4200,550,1200,88.0,93,8.9,23,15893,83,6.902656330131913,Low,0,0,1.5581868307212225,1.856197641860501,2.0648660712522746,1.7065532533235437,0.7904360556783387,-0.4101964618018934,0.12366360001576755,-0.007652219826546156,1.0351018728628827,0.9692990979140862,-1.3695004894439946,0.16480224108923644,1.4095343761426808,-1.0987972149572356,-2.2915830823987555
University of North Carolina at Charlotte,No,5803,4441,1730,19,62,10099,3255,7248,3109,600,1900,79.0,91,16.8,7,6227,62,6.42781807791552,Low,0,0,1.284343227294873,1.3116881005113126,-0.3392340437249904,1.455209560301861,1.6014887627356797,-0.7529427077266194,0.4496014388117547,0.956752752058499,0.3343576374315665,0.7816568116943878,0.7159264724323372,-1.4463049754933548,-0.8580640794936881,-1.0987972149572356,0.12493165583940254
University of North Carolina at Greensboro,No,5191,4134,1500,15,44,7532,1847,8677,3505,600,1300,75.0,94,15.5,17,7392,53,6.368256065553345,Low,0,0,1.217753460561817,1.1856910278279402,-0.6744109272506593,1.2405588090964768,1.1670437668623848,-0.33245372526234523,0.4496014388117547,0.15797762173098692,0.0472975055627926,1.0656043502924986,0.40466484905643485,-0.3398815888114029,-0.35252900877675375,-1.0987972149572356,0.33637779452936595
University of North Carolina at Wilmington,No,6071,3856,1449,15,67,6635,1145,7558,3680,500,1500,82.0,85,19.1,15,6005,55,6.451809754391998,Low,0,0,1.1527236681079902,1.1547214556608447,-0.6744109272506593,1.1433976822468344,0.8188888569780044,-0.6573842538354956,-0.2291946039516519,0.4565508868862346,0.5594977786457802,0.25767565625110594,1.244558309119232,-0.5277223720549751,-0.9712349854807305,-1.0987972149572356,-0.7603399619273842
University of North Dakota,No,2777,2249,1652,20,54,8334,1435,5634,2703,450,1200,97.0,97,15.9,16,9424,49,6.0248232337808085,Low,0,0,0.6383459336719591,1.2712422427282153,-0.2637884142137955,1.3161776570461388,0.9812197988315344,-1.2996267317241952,-0.6142542984789047,-0.007652219826546156,1.8118434631329363,1.3645882269351624,0.5014836937996878,-0.4323290036172367,0.2874915341308929,-1.0987972149572356,0.42812996373341045
University of North Florida,No,1800,1253,560,44,85,3876,3588,6634,4360,600,2604,82.0,85,17.8,14,6104,47,5.7774424131470035,Low,0,0,0.0581439760517292,0.2359311193398942,1.0296888476949617,0.7001865358900139,1.6786500776951616,-0.9504488650286549,0.4496014388117547,1.6374863249391083,0.5594977786457802,0.25767565625110594,0.9490194931800552,-0.6263490551654358,-0.9199828281061185,-1.0987972149572356,-0.3456694310072854
University of North Texas,No,4418,2737,2049,23,51,14047,5134,4104,3579,450,1700,86.0,94,22.6,6,5657,35,6.2812247985045255,Low,0,0,0.8279262153899554,1.4576235441653211,-0.053119072030679164,1.6808014963236437,1.9689604177853832,-1.9234648853065524,-0.6142542984789047,0.720306207993199,0.8728148827034736,1.0656043502924986,2.0036683228955776,-1.5915826153084158,-1.1622575725282904,-1.0987972149572356,-0.8667252940014959
University of Northern Colorado,No,5530,4007,1697,12,37,8463,1498,7731,4128,540,2286,75.0,75,21.5,8,6309,40,6.402124434465892,Low,0,0,1.1886447511295755,1.2948383619500963,-0.9727316677869278,1.3275113138577812,1.012526450223129,-0.605172252396927,0.05539420530459672,1.3542640371372086,0.0472975055627926,-0.4912534379026085,1.7703640987717493,-1.310419180097965,-0.8178229155133958,-1.0987972149572356,-0.151926373627079
University of Northern Iowa,No,4144,3379,1853,18,52,10135,1448,6197,2930,595,2380,78.0,82,16.3,26,6333,77,6.2463818010196,Low,0,0,1.0285071849927911,1.3713752473021146,-0.41769469988544683,1.4577302586726892,0.9877799560609118,-1.0984595018104282,0.4180956600883188,1.4415991469202742,0.2611863106631819,0.01703484187169807,0.5973594417391935,0.3918121831278882,-0.806197279148967,-1.0987972149572356,0.4657397810257673
University of Notre Dame,Yes,7700,3700,1906,79,96,7671,30,16850,4400,600,1350,96.0,92,13.1,46,13936,97,6.576829538585435,High,2,1,1.1139980000542182,1.395700348740444,2.1734851596189424,1.25434939990761,-1.3559697713457746,1.4633967085260515,0.4496014388117547,0.23641393781517428,1.7217844915537215,0.8746535950171559,-0.1981197138629203,1.6450848531462385,1.156606757571247,1.8150779933081982,-1.8121871023693923
University of Oklahoma,No,4743,3970,2233,32,63,13436,2582,5173,3526,765,3176,86.0,90,11.5,11,10244,44,6.319664627002648,Low,0,0,1.1799784278267873,1.5303410273395697,0.4756588429698257,1.651339737366003,1.4209512204558519,-1.474427527654091,1.3792330121720673,2.0745864664167515,0.8728148827034736,0.6902976719925955,-0.6241261617099947,-0.9453261344609437,0.4886168372633586,-1.0987972149572356,0.6128545482168322
University of Oregon,No,8631,6732,2546,25,61,11669,1605,10602,3660,570,1530,79.0,87,19.7,13,8020,54,6.636098803231687,Medium,1,0,1.6645887364168466,1.6394344382529804,0.07620224590010687,1.5560078373793786,1.063076127555853,0.16732222950470962,0.25701902020397893,0.4981180852211085,0.3343576374315665,0.4259346495311623,1.3783101875984967,-0.7285459060471434,-0.1281785155941174,0.3581403891754813,0.22482559859484896
University of Pennsylvania,Yes,12394,5232,2464,85,100,9205,531,17020,7270,500,1544,95.0,96,6.3,38,25765,93,6.8207757730177345,High,2,1,1.4354792148943094,1.6124136821875812,2.328985093693537,1.3888530006318354,0.2927461441126657,1.4938217847884745,-0.2291946039516519,0.5172584530950752,1.632664244935875,1.2632379969775114,-2.206272367312898,1.186525502100285,2.198824543357604,1.8150779933081982,-2.209303231127292
University of Pittsburgh-Main Campus,No,8586,6383,2503,25,59,13138,4289,10786,4560,400,900,93.0,93,7.8,10,13789,66,6.633395122896021,Medium,1,0,1.6165374531648016,1.6253923193580806,0.07620224590010687,1.636371632461944,1.821964385693793,0.21186330651465693,-1.0385747644227592,-0.5948985251698033,1.4572396942508257,0.9692990979140862,-1.7100169908089125,-1.060970526681064,1.1353986175686341,0.3581403891754813,-0.023863720517421513
University of Portland,Yes,1758,1485,419,27,58,2041,174,12040,4100,600,1100,92.0,96,13.2,17,9060,72,5.763746470249842,Medium,1,1,0.2290660734946192,-0.0721471009353398,0.19803987368047105,0.09839529272593896,-0.40348826758308165,0.5028730839628116,0.4496014388117547,-0.18659120673062196,1.3709352724803292,1.2632379969775114,-0.17218743851993448,-0.3398815888114029,0.18932604159263555,0.3581403891754813,0.6651432139312455
University of Puget Sound,Yes,4044,2826,688,51,83,2738,138,16230,4500,630,1800,79.0,86,15.0,17,11217,63,6.2330455758788395,High,2,1,0.8585753209664879,0.4463961019520018,1.3022664532279355,0.38456102299753386,-0.5387571005957346,1.350694182124423,0.6339700077405097,0.8415717373961816,0.3343576374315665,0.3410143789166372,0.2822630870249347,-0.3398815888114029,0.6972660152166275,1.8150779933081982,-0.3272900047153473
University of Rhode Island,No,9643,7751,1968,12,40,8894,2456,10330,5558,500,1250,84.0,89,16.6,7,9158,63,6.6932016107417445,Medium,1,0,1.790964600285754,1.4231847055428082,-0.9727316677869278,1.363903285024892,1.382495865494832,0.10053892028055368,-0.2291946039516519,0.07669669114387034,0.7142803580969322,0.6005650532112241,0.6686666659070798,-1.4463049754933548,0.21634640346214432,0.3581403891754813,0.38683144490096744
University of Richmond,Yes,5892,2718,756,46,72,2854,594,14500,3285,700,1125,75.0,89,11.7,32,11984,100,6.435915000128085,Medium,1,1,0.8212451525718844,0.5405644999312657,1.1106782881401172,0.4235151780581282,0.36704908313466555,1.0204503919613213,1.0360807080301793,-0.14048620591693609,0.0472975055627926,0.6005650532112241,-0.5696679334896119,0.808539510579746,0.8430153646735001,0.3581403891754813,-1.9429001090978621
University of Rochester,Yes,8766,5498,1243,56,75,5071,438,17840,6582,500,882,93.0,99,5.9,23,26037,80,6.644120008455409,High,2,1,1.4808675093739356,1.0154348556701913,1.4803479884652577,0.9282748871699776,0.16704809671101345,1.6378403162054327,-0.2291946039516519,-0.6356698513100282,1.4572396942508257,1.572409762644023,-2.3461430732055244,0.16480224108923644,2.2137884401032633,1.8150779933081982,-0.8144503885205848
University of San Diego,Yes,3934,2735,886,40,70,3698,217,13600,5940,630,1820,93.0,96,15.6,13,10813,66,6.217960861898367,Medium,1,1,0.8272252844530933,0.6960545573875474,0.8591123720558882,0.6588879764870719,-0.2717006389429036,0.8383174900896683,0.6339700077405097,0.8650740304061989,1.4572396942508257,1.2632379969775114,0.4289597985788314,-0.7285459060471434,0.6141530866237902,0.3581403891754813,-0.3517232152895748
University of San Francisco,Yes,2306,1721,538,23,48,4309,549,13226,6452,750,2450,86.0,86,13.6,8,10074,62,5.919738023184487,Medium,1,1,0.37584667216190404,0.1941760581232934,-0.053119072030679164,0.7916764328730291,0.3147530959025511,0.7603004064397545,1.3023649764046783,1.5045850058589698,0.8728148827034736,0.3410143789166372,-0.06921364143108587,-1.310419180097965,0.4490028329006464,0.3581403891754813,-0.004174865162929262
University of Sci. and Arts of Oklahoma,No,285,280,208,21,43,1140,473,3687,1920,600,1800,67.0,77,23.6,3,3864,43,4.634272871243011,Low,0,0,-1.5398649135285505,-0.8750036096379541,-0.1910995085854955,-0.5263297844880812,0.2169487970705791,-2.119539384004626,0.4496014388117547,0.8415717373961816,-0.48183437398018664,-0.35347352257287784,2.211956120304136,-2.110816300186537,-2.539275456513029,-1.0987972149572356,1.6021336647549946
University of Scranton,Yes,4471,2942,910,29,60,3674,493,11584,5986,650,800,83.0,83,14.1,41,9131,92,6.287696514947417,Medium,1,1,0.8970085044094642,0.7218751383838001,0.3133361961439693,0.6531345000104182,0.24398810214401248,0.39946318106852363,0.7526774067369608,-0.8317407990918487,0.6364201082318471,0.09569733284866454,0.0578612934555406,1.3638859589907049,0.20894667433666103,0.3581403891754813,-0.6047876594014105
University of South Carolina at Aiken,No,848,560,377,14,24,1855,1412,5800,3066,500,1500,62.0,62,14.8,3,5035,48,5.3290358026203455,Low,0,0,-0.7800827364764745,-0.18778117748487302,-0.7684736752694478,0.0012814674849651998,0.969481038526664,-1.2389903799716606,-0.2291946039516519,0.4565508868862346,-0.7820953142680762,-1.2494530951634284,0.23285911133526874,-2.110816300186537,-1.553254566988776,-1.0987972149572356,-0.5887409247304085
University of South Carolina at Columbia,No,7693,5815,2328,30,66,12594,3661,8074,3522,495,2941,84.0,88,16.9,18,8246,63,6.576355282456282,Low,0,0,1.5319864052413998,1.565228625551415,0.3687770077049723,1.6079494638007927,1.694698737128009,-0.5038802371615053,-0.2661512550778775,1.904610687203406,0.7142803580969322,0.5124477851823425,0.7394742565334033,-0.2501326687269887,-0.05395620976919257,-1.0987972149572356,0.06090953249709655
University of South Florida,No,7589,4676,1876,29,63,14770,10962,6760,3776,500,2180,84.0,89,17.0,7,11020,47,6.569254152560102,Low,0,0,1.3320718792263195,1.3820287292917466,0.3133361961439693,1.7137086933008105,2.618573670368786,-0.908968206652819,-0.2291946039516519,1.251698039480713,0.7142803580969322,0.6005650532112241,0.7629678942848166,-1.4463049754933548,0.6573253129759256,-1.0987972149572356,-0.8895546762860941
University of Southern California,Yes,12229,8498,2477,45,71,13259,1429,17230,6482,600,2210,90.0,94,11.4,10,17007,68,6.814022058371401,High,2,1,1.8727980158160038,1.6167660641968535,1.0705183742130722,1.6424987076184059,0.9781739521328112,1.5311313223741758,0.4496014388117547,1.281186624907993,1.2011418370759805,1.0656043502924986,-0.6514933665420364,-1.060970526681064,1.5330591112214935,1.8150779933081982,-0.35386999605141894
University of Southern Colorado,No,1401,1239,605,10,34,3716,675,7100,4380,540,2948,63.0,88,19.4,0,5389,36,5.630863051291538,Low,0,0,0.04676761800377639,0.3157351735688545,-1.204141438433242,0.6631732964793526,0.45277792208088735,-0.7995128887962804,0.05539420530459672,1.909852738774827,-0.7239160936184083,0.5124477851823425,1.3116354267818913,-2.939282937555179,-1.3221782583180375,-1.0987972149572356,0.9349113863279167
University of Southern Indiana,No,2379,2133,1292,8,25,4283,2973,4973,3192,500,1425,56.0,65,22.0,21,4078,38,5.937458795594105,Low,0,0,0.5867801235085269,1.0508632016738733,-1.4730544512765091,0.7865048678091748,1.5303638653428284,-1.5534529351748265,-0.2291946039516519,0.34916560028732013,-1.1115113391571876,-1.094880026424442,1.8769734548205472,0.004942020606680277,-2.3268517349235713,-1.0987972149572356,1.018082353843329
University of Southern Mississippi,No,2850,2044,1046,20,50,9260,1387,4652,2470,500,500,78.0,99,18.7,23,5917,45,6.0393816289804745,Low,0,0,0.5451410152170436,0.8547319289088408,-0.2637884142137955,1.393158400547486,0.9565244377437802,-1.6847754130645565,-0.2291946039516519,-1.7565250579131293,0.2611863106631819,1.572409762644023,1.15448099537168,0.16480224108923644,-1.0178988938271865,-1.0987972149572356,-0.20226434247010514
University of St. Thomas MN,Yes,2057,1807,828,26,53,4106,982,11712,4037,500,800,80.0,80,13.8,13,8546,89,5.854422009375577,Medium,1,1,0.42404595344996576,0.6301726766871077,0.13799295441079093,0.7502501260579818,0.7105180798928982,0.42875654929857054,-0.2291946039516519,-0.8317407990918487,0.4084666114840554,-0.1356944211524122,-0.018169123018266124,-0.7285459060471434,0.03985726900063871,0.3581403891754813,0.8947470631232063
University of St. Thomas TX,Yes,374,280,185,45,77,995,408,8550,4050,500,1344,75.0,75,12.6,17,7237,62,4.812625121310525,Low,0,1,-1.5398649135285505,-1.0179681980351356,1.0705183742130722,-0.6840931775471963,0.121328324574784,-0.3678919688749011,-0.2291946039516519,0.22714497068725537,0.0472975055627926,-0.4912534379026085,-0.32895477682173246,-0.3398815888114029,-0.4124784087609705,-1.0987972149572356,0.011804662546300276
University of Tennessee at Knoxville,No,7473,5372,3013,27,53,15749,3237,5764,3262,750,3300,86.0,92,16.5,22,8612,53,6.56120944980308,Low,0,0,1.4596674713457678,1.7763137178005501,0.19803987368047105,1.7552648907740966,1.5971181409728108,-1.2520426511540852,1.3023649764046783,2.159634553197495,0.8728148827034736,0.8746535950171559,0.6449537276656453,0.08579840488433134,0.05981717941084221,-1.0987972149572356,-0.1909619188810431
University of Texas at Arlington,No,3281,2559,1448,19,43,10975,8431,4422,2780,500,2850,73.0,73,21.0,4,4696,29,6.117918334484294,Low,0,0,0.7632973798226993,1.154101696496533,-0.3392340437249904,1.5136249955237917,2.3882247864206927,-1.7825765665070614,-0.2291946039516519,1.8353918523644666,-0.09060810988813835,-0.6232192944825511,1.6627857007207905,-1.9198799308640517,-1.799319468626385,-1.0987972149572356,0.22459427797710133
University of Texas at Austin,No,14752,9572,5329,48,85,30017,5189,5130,3309,650,3140,91.0,99,19.7,11,7837,65,6.90794559845315,Low,0,0,1.9778779848704813,2.2143687998258126,1.1890885687490678,2.142021542193384,1.9777529181559235,-1.4912463226655415,0.7526774067369608,2.0493189898022854,1.285569340238181,1.572409762644023,1.3783101875984967,-0.9453261344609437,-0.1906839947329168,-1.0987972149572356,-0.66707741616874
University of Texas at San Antonio,No,4217,3100,1686,17,46,9375,5457,4104,5376,452,1200,94.0,100,25.3,3,4329,50,6.2559010547473735,Low,0,0,0.946828155081757,1.2891376343771654,-0.4994689411839057,1.4020607143123585,2.019430377794626,-1.9234648853065524,-0.5981523356384146,-0.007652219826546156,1.5444826653483823,1.6789026453905742,2.5583299939044775,-2.110816300186537,-2.098609153625088,-1.0987972149572356,-0.08032117483900536
University of the Arts,Yes,974,704,290,5,22,1145,39,12520,3860,1300,700,16.0,59,7.5,9,11641,57,5.413421686967893,Medium,1,1,-0.5371343557435257,-0.48324564741642817,-1.9916231295773121,-0.5213322032234614,-1.224097127110629,0.6089823530815689,3.512099677367599,-1.09776212520345,-2.4480307249417392,-1.392393977623881,-1.806068754671089,-1.18236541463741,0.7796686482836065,0.3581403891754813,-0.16417404415259787
University of the Pacific,Yes,2459,1997,582,36,66,2664,299,16320,5326,646,1171,87.0,94,11.2,14,13706,65,5.956220957992833,High,2,1,0.5223623564831805,0.2758356209696087,0.675328745331237,0.3586443419649727,-0.07522454097749387,1.3672277109105084,0.7291929884175525,-0.05807801670378765,0.9534892875353681,1.0656043502924986,-0.7065095991630403,-0.6263490551654358,1.123269257004003,1.8150779933081982,0.4434486263554197
University of the South,Yes,1445,966,326,46,83,1129,24,15350,4080,450,810,89.0,93,10.3,52,18784,82,5.649095233704587,High,2,1,-0.2075163663010224,-0.34999588767462286,1.1106782881401172,-0.5374191334014481,-1.4654695858923672,1.185764864906594,-0.6142542984789047,-0.8068585571916942,1.1176527018812943,0.9692990979140862,-0.9589736432806009,1.9622254883185175,1.706246032387805,1.8150779933081982,-0.5334059477945114
University of Tulsa,Yes,1712,1557,696,41,68,2936,433,11750,4160,1200,2350,94.0,96,11.5,10,11743,47,5.748337477634895,Medium,1,1,0.2763475123695505,0.4580200076341776,0.9029060992795955,0.44990550827206816,0.15962811472572122,0.43741250359800693,3.1807271541080584,1.4140785994091618,1.5444826653483823,1.2632379969775114,-0.6241261617099947,-1.060970526681064,0.7988043253147776,0.3581403891754813,1.1056102521545375
University of Utah,No,5095,4491,2400,27,53,13894,8374,6857,3975,858,3093,89.0,93,12.8,9,9275,37,6.358232630080982,Low,0,0,1.2947208755393353,1.5905933499988352,0.19803987368047105,1.673572655093397,2.382351216705924,-0.8773794311609284,1.828453052055803,2.015924126782693,1.1176527018812943,0.9692990979140862,-0.27638263533977875,-1.18236541463741,0.24802714923234936,-1.0987972149572356,0.9150765495999015
University of Vermont,No,7663,6008,1735,18,51,7353,1674,15516,4928,500,990,87.0,90,9.9,10,12646,79,6.574317499305589,High,2,0,1.5616703759387782,1.3142087300730732,-0.41769469988544683,1.2223356593610513,1.0940859297641898,1.2173431840931406,-0.2291946039516519,-0.4017265651497331,0.9534892875353681,0.6902976719925955,-1.0739217798372556,-1.060970526681064,0.9577060506819695,1.8150779933081982,0.25236127462798885
University of Virginia,No,15849,5384,2678,74,95,11278,114,12212,3792,500,1000,90.0,92,9.5,22,13597,95,6.943525250680851,Medium,1,0,1.4617093102136873,1.6808889445223258,2.0370399630211056,1.532519969472921,-0.647942326349343,0.5412098077298565,-0.2291946039516519,-0.38127720177114266,1.2011418370759805,0.8746535950171559,-1.1906916694765612,0.08579840488433134,1.1071671701039127,0.3581403891754813,-2.770041975669375
University of Washington,No,12749,7025,3343,40,81,20356,4582,8199,4218,708,2172,96.0,94,9.0,10,16527,65,6.83498516218218,Low,0,0,1.7029166693683833,1.8590379139034363,0.8591123720558882,1.9157010921330964,1.8756771189773522,-0.4676698588996491,1.0797775867330288,1.243770964974811,1.7217844915537215,1.0656043502924986,-1.3393806834015403,-1.060970526681064,1.481410660366485,-1.0987972149572356,-1.3325972822266663
University of West Florida,No,1558,1254,472,20,57,3754,2477,6172,3994,541,1387,83.0,87,23.4,12,8488,53,5.693317052944849,Low,0,0,0.05895136653375729,0.056018465230557216,-0.2637884142137955,0.6721375628293512,1.3890267713349818,-1.1071315738160603,0.0622704818280118,0.2927436015966603,0.6364201082318471,0.4259346495311623,2.1705775472374214,-0.8347120348951067,0.022119452025352874,-1.0987972149572356,0.39419526464140575
University of Wisconsin-Stout,No,2593,1966,1030,9,32,6038,579,6704,2592,376,1750,78.0,78,21.0,17,6254,65,5.986226512155346,Low,0,0,0.5070221794789043,0.8401679973097173,-1.3330274833513371,1.0693830322132585,0.3500261225173064,-0.9273407935340333,-1.2589193954083842,0.7817410839369675,0.2611863106631819,-0.28237352323745246,1.6627857007207905,-0.3398815888114029,-0.8447241080128095,-1.0987972149572356,0.07664439604101757
University of Wisconsin-Superior,No,910,910,342,14,53,1434,417,7032,2780,550,1960,75.0,81,15.2,15,6490,36,5.3721260938142565,Low,0,0,-0.2691823026041119,-0.29612223320675385,-0.7684736752694478,-0.27067181005943686,0.1353539347196102,-0.8211239634243725,0.12366360001576755,1.0231952294513165,0.0472975055627926,-0.060091883356808096,0.33141144399481504,-0.5277223720549751,-0.7317884572654582,-1.0987972149572356,1.7214721572963376
University of Wisconsin-Whitewater,No,4400,3719,1472,12,38,7804,1552,6950,2500,300,1200,90.0,95,23.1,16,5559,67,6.2790078923536665,Low,0,0,1.118807023699007,1.1688412745048906,-0.9727316677869278,1.2672624946541435,1.0384301817853028,-0.8473677622787216,-2.048308048513365,-0.007652219826546156,1.2011418370759805,1.1635803366973685,2.1082507547381426,-0.4323290036172367,-1.2193554714348438,-1.0987972149572356,0.6686625516196788
University of Wisconsin at Green Bay,No,2409,1939,759,17,50,3819,1347,6900,2800,475,1200,81.0,89,22.2,1,5968,46,5.9445728386248975,Low,0,0,0.4934491684164825,0.5444916317991823,-0.4994689411839057,0.6872176697671146,0.9353494207732553,-0.8634700462138201,-0.41730816701513446,-0.007652219826546156,0.4835133023364041,0.6005650532112241,1.9193527444940255,-2.5915300639706675,-0.9907257152740687,-1.0987972149572356,0.3943330061205095
University of Wisconsin at Madison,No,14901,10932,4631,36,80,23945,2200,9096,4290,535,1545,93.0,96,11.5,20,11006,72,6.912941799745212,Medium,1,0,2.094161345686465,2.1100485126179973,0.675328745331237,2.0126710427422414,1.2985527019115968,-0.2178972462594528,0.02084550283626946,0.5186194658227137,1.4572396942508257,1.2632379969775114,-0.6241261617099947,-0.07789765626183243,0.6544449876927686,0.3581403891754813,-0.09037303316776374
University of Wisconsin at Milwaukee,No,5244,3782,1930,12,37,11561,7443,8786,2964,570,1980,79.0,87,15.9,8,8094,38,6.3737049919216915,Low,0,0,1.134566802918929,1.406460142530864,-0.9727316677869278,1.5496171257670974,2.2809320615482616,-0.3023089729644441,0.25701902020397893,1.044924639322028,0.3343576374315665,0.4259346495311623,0.5014836937996878,-1.310419180097965,-0.10352393028671031,-1.0987972149572356,-0.17497214808891187
University of Wyoming,No,2029,1516,1073,23,46,7535,1488,5988,3422,600,1500,91.0,94,15.1,13,8745,45,5.846551176782523,Low,0,0,0.2497174053236548,0.8787352468317282,-0.053119072030679164,1.2408597144238787,1.0076373263739005,-1.1716792315197044,0.4496014388117547,0.4565508868862346,1.285569340238181,1.0656043502924986,0.30686892312721825,-0.7285459060471434,0.09933151396382894,-1.0987972149572356,0.001621560745623177
Upper Iowa University,Yes,663,452,192,10,35,1481,1160,8840,3060,500,1000,69.0,75,17.4,19,3733,78,5.177006580876351,Medium,1,1,-1.0110570163081178,-0.9723787155730029,-1.204141438433242,-0.23575518307474377,0.8281494005815507,-0.2874658280935898,-0.2291946039516519,-0.38127720177114266,-0.3551734271494861,-0.4912534379026085,0.8564097284492161,-0.16286735762255852,-2.678490850055042,0.3581403891754813,-0.4433604969943529
Ursinus College,Yes,1399,1026,308,44,77,1131,17,14900,5160,500,800,82.0,85,11.6,40,12082,79,5.630019775938244,Medium,1,1,-0.1455505140431418,-0.4143740765445859,1.0296888476949617,-0.5353931174319216,-1.6300098433684194,1.0990167288974395,-0.2291946039516519,-0.8317407990918487,0.5594977786457802,0.25767565625110594,-0.5968513856813783,1.3055390172857926,0.8606032100591819,0.3581403891754813,-0.09214877903067172
Ursuline College,Yes,325,260,86,21,47,699,717,9600,4202,450,750,39.0,69,10.5,15,7164,68,4.720905162716025,Medium,1,1,-1.623273542685958,-2.018586806745589,-0.1910995085854955,-1.116180058623066,0.49363718366196857,-0.08460505394541408,-0.6142542984789047,-0.9606431574678065,-1.861995858107514,-0.8700943318940553,-0.9021518863751777,-0.5277223720549751,-0.4414034058246721,0.3581403891754813,0.3610133423250317
Valley City State University,No,368,344,212,5,27,863,189,4286,2570,600,2000,39.0,41,14.9,25,4958,40,4.802109774697577,Low,0,0,-1.3104087715415456,-0.8520063481131878,-1.9916231295773121,-0.8542553846578108,-0.3544784434962249,-1.8419880078940958,0.4496014388117547,1.066451766681205,-1.861995858107514,-2.0259049331637793,0.25759334859915606,0.31770887154146105,-1.6068609646884822,-1.0987972149572356,1.2778442828491727
Valparaiso University,Yes,2075,1727,520,49,81,2501,198,11800,3260,500,800,87.0,89,14.2,23,9681,95,5.859421375092909,Medium,1,1,0.37929214612560297,0.15852042247144135,1.2273850455284772,0.29832679592259204,-0.32673037966355223,0.44877394394675324,-0.2291946039516519,-0.8317407990918487,0.9534892875353681,0.6005650532112241,0.0830645638304953,0.16480224108923644,0.35334785739198354,0.3581403891754813,0.5806536811276284
Vanderbilt University,Yes,7791,4690,1499,71,92,5500,90,17865,6525,630,952,93.0,98,5.8,26,23850,83,6.582953114174212,High,2,1,1.3348338665856883,1.185095517477392,1.9518471386888567,0.9946027435805039,-0.7802129707146088,1.6421621456787274,0.6339700077405097,-0.4812193412505834,1.4572396942508257,1.467641878959388,-2.381681492310293,0.3918121831278882,2.0861168572270614,1.8150779933081982,-0.9859997880418863
Vassar College,Yes,3550,1877,653,53,87,2164,77,18920,5950,600,800,90.0,98,9.7,39,17089,90,6.161512739021414,High,2,1,0.46150114785602364,0.3936419074518182,1.3749937779595973,0.15687295091839162,-0.8658275684892794,1.8210343410506775,0.4496014388117547,-0.8317407990918487,1.2011418370759805,1.467641878959388,-1.1320725358242631,1.2464286838639715,1.5416579658826555,1.8150779933081982,-1.4842286841783026
Villanova University,Yes,7759,5588,1477,30,68,6362,1292,15925,6507,400,300,89.0,90,13.4,24,10458,96,6.580808556530968,High,2,1,1.4956947817879551,1.1718771347373214,0.3687770077049723,1.1106037519552245,0.9052889887185016,1.294211823673829,-1.0385747644227592,-2.7257704669587155,1.1176527018812943,0.6902976719925955,-0.12055104982347017,0.24207061628816592,0.5370655983636956,1.8150779933081982,-0.18183760382152833
Virginia Commonwealth University,No,4963,3497,1567,18,45,10262,5065,10217,4182,500,3630,81.0,87,8.7,11,11183,45,6.3441145297989205,Medium,1,0,1.0609056224580344,1.2245793004637222,-0.41769469988544683,1.4665363183824869,1.9578089847886826,0.07245465519769034,-0.2291946039516519,2.372329187636396,0.4835133023364041,0.4259346495311623,-1.4301380535654649,-0.9453261344609437,0.6904502486773816,0.3581403891754813,-0.28782929620752556
Virginia State University,No,2996,2440,704,2,30,3006,338,5587,4845,500,600,61.0,63,16.0,11,5733,31,6.067334622409141,Low,0,0,0.7173499163277605,0.46949081811629295,-2.8396721073260265,0.47173275211865917,0.0015842584992135963,-1.3170076473510204,-0.2291946039516519,-1.4016057556008417,-0.8393382257670974,-1.199238322126377,0.525539763472362,-0.9453261344609437,-1.1190174526595595,-1.0987972149572356,0.4590971554204262
Virginia Tech,No,15712,11719,4277,29,53,18511,604,10260,3176,740,2200,85.0,89,13.8,20,8944,73,6.9392286953670546,Medium,1,0,2.1545841432661095,2.0499542685790804,0.3133361961439693,1.857344739688065,0.37818378023368454,0.08316552390396748,1.250372073686777,1.2713984993834921,0.7930785944456105,0.6005650532112241,-0.018169123018266124,-0.07789765626183243,0.15675426038243354,0.3581403891754813,-0.0072422164881660485
Virginia Union University,Yes,1847,1610,453,19,59,1298,67,7384,3494,500,1763,51.0,67,13.7,8,6757,30,5.792368096288365,Low,0,1,0.30968176311556095,0.012071542228944545,-0.3392340437249904,-0.3801255926071589,-0.9410669533097701,-0.7106961436996135,-0.2291946039516519,0.7974478324026839,-1.3602908492103485,-0.9851988400469104,-0.043655143285563025,-1.310419180097965,-0.6114183461849985,-1.0987972149572356,0.8486277091420347
Virginia Wesleyan College,Yes,1470,900,287,20,49,1130,417,10900,5100,500,550,70.0,81,15.7,14,7804,68,5.659190985219162,Medium,1,1,-0.28062028779540515,-0.49520308156545995,-0.2637884142137955,-0.5364055790483299,0.1353539347196102,0.2392094638614887,-0.2291946039516519,-1.5715860927236946,-0.2904376445599966,-0.060091883356808096,0.4531942340637835,-0.6263490551654358,-0.20219548150329786,0.3581403891754813,-0.9161520758112965
Viterbo College,Yes,647,518,271,17,43,1014,387,9140,3365,500,2245,51.0,65,10.7,31,8050,73,5.161766939307712,Medium,1,1,-0.8637322503014915,-0.5615090164519779,-0.4994689411839057,-0.6618751130817574,0.08748542507226617,-0.2060701637644889,-0.2291946039516519,1.3151251116465734,-1.3602908492103485,-1.094880026424442,-0.845749676894635,0.7420738947418721,-0.1181412884211345,0.3581403891754813,0.36521877915647283
Voorhees College,Yes,1465,1006,188,10,30,703,20,4450,2522,500,1200,75.0,43,22.9,3,5861,58,5.657186644050265,Low,0,1,-0.1657653293668538,-0.9981902705879381,-1.204141438433242,-1.1089284646476167,-1.5531623993304815,-1.770494326534891,-0.2291946039516519,-0.007652219826546156,0.0472975055627926,-1.973085139428777,2.0665245144363427,-2.110816300186537,-1.0481552950829927,-1.0987972149572356,-0.4097585460204871
Wabash College,Yes,800,623,256,41,76,801,5,12925,4195,500,635,78.0,85,9.9,55,14904,72,5.293286392311315,Medium,1,1,-0.6664225878111629,-0.6279068121259972,0.9029060992795955,-0.9455279390334206,-2.1706909080364514,0.6964519249248114,-0.2291946039516519,-1.2902578816066317,0.2611863106631819,0.25767565625110594,-1.0739217798372556,2.1136198006949316,1.2881176774761525,0.3581403891754813,0.2164645932343304
Wagner College,Yes,1416,1015,417,10,44,1324,117,13500,5800,585,1700,67.0,78,13.2,23,9006,75,5.637146745565549,Medium,1,1,-0.15661597613091469,-0.07734474211585456,-1.204141438433242,-0.3581493036409578,-0.6332185184089393,0.817596785733177,0.3543858842006884,0.720306207993199,-0.48183437398018664,-0.28237352323745246,-0.17218743851993448,0.16480224108923644,0.17424382051511048,0.3581403891754813,-0.2048837212470727
Wake Forest University,Yes,5661,2392,903,75,88,3499,172,13850,4360,500,1250,95.0,97,4.3,37,41766,89,6.414619468405325,Medium,1,1,0.698134150713082,0.7144260320321986,2.0648660712522746,0.6097476541377521,-0.410308297691809,0.8896850314583712,-0.2291946039516519,0.07669669114387034,1.632664244935875,1.3645882269351624,-2.9472725298534233,1.1257980885897985,2.806094117192581,0.3581403891754813,-2.2065793054674843
Walsh University,Yes,1092,890,477,27,92,847,497,8670,4180,500,1450,42.0,58,11.3,33,5738,68,5.482442812516671,Low,0,1,-0.29219496654590554,0.06724492288587168,0.19803987368047105,-0.8770261731594888,0.2492770523065022,-0.3343981078496482,-0.2291946039516519,0.3855304303319002,-1.749184136414518,-1.4375163915219222,-0.6789541283407586,0.8739402534841448,-1.116203712094301,-1.0987972149572356,0.4631723375884449
Warren Wilson College,Yes,440,311,112,25,49,466,7,10000,3052,400,1100,65.0,75,11.4,20,9430,63,4.917608302529796,Medium,1,1,-1.4224131837959852,-1.6601704731754574,0.07620224590010687,-1.6553604031105282,-2.028489116527091,0.017945366784329685,-1.0385747644227592,-0.18659120673062196,-0.6047483730462211,-0.4912534379026085,-0.6514933665420364,-0.07789765626183243,0.289060533674096,0.3581403891754813,-0.27283678737750927
Wartburg College,Yes,1231,1074,345,34,66,1295,105,11600,3610,400,850,66.0,91,12.4,37,7735,67,5.554146604991704,Medium,1,1,-0.09870534304071149,-0.2863447083092569,0.5776799288914052,-0.38269581643477113,-0.694309287317495,0.403136443583273,-1.0385747644227592,-0.7100928488101287,-0.5437597006270006,0.7816568116943878,-0.3818525909118415,1.1257980885897985,-0.22650931344779182,0.3581403891754813,0.8539171859295822
Washington and Jefferson College,Yes,1305,1100,334,42,64,1098,151,16260,4005,300,500,91.0,91,12.1,40,10162,86,5.588855958289415,High,2,1,-0.07425664990993847,-0.3226869367651791,0.9459121453121655,-0.5693932963808912,-0.486589626283788,1.3562120356262088,-2.048308048513365,-1.7565250579131293,1.285569340238181,0.7816568116943878,-0.4618260387652622,1.3055390172857926,0.46963651802866163,1.8150779933081982,0.6529125516675337
Washington and Lee University,Yes,3315,1096,425,68,93,1584,3,13750,4619,680,1115,81.0,96,9.6,45,15736,90,6.123636040975444,Medium,1,1,-0.07797752143874091,-0.056724243491904344,1.8639323064397797,-0.16374747487930594,-2.3777403148239418,0.8692117031856893,0.9249045664240839,-0.15881325414349018,0.4835133023364041,1.2632379969775114,-1.161322711796831,1.590170069482996,1.3910484985716733,0.3581403891754813,-2.83185832599375
Washington College,Yes,1209,942,214,31,60,822,46,15276,5318,500,300,79.0,86,11.2,37,10830,65,5.543394526614029,High,2,1,-0.23346398716475936,-0.8406946364204384,0.42285937607467217,-0.9136760230522226,-1.1393532694354782,1.171615468195069,-0.2291946039516519,-2.7257704669587155,0.3343576374315665,0.3410143789166372,-0.7065095991630403,1.1257980885897985,0.6177465429589031,1.8150779933081982,0.2192285526754172
Washington State University,No,6540,5839,2440,31,70,14445,1344,8200,4210,800,2719,84.0,87,16.9,30,10912,56,6.4911814276351265,Low,0,0,1.535734573488192,1.6043084923701616,0.42285937607467217,1.6991649715646078,0.9337385409812281,-0.4673816430927015,1.5536080298286021,1.732065249482434,0.7142803580969322,0.4259346495311623,0.7394742565334033,0.6744919519989533,0.6349582592619688,-1.0987972149572356,0.9923577618109511
Washington University,Yes,7654,5259,1254,62,93,4879,1274,18350,5775,768,1512,91.0,98,3.9,31,45702,90,6.573704495152729,High,2,1,1.4401975424629057,1.0235267385992126,1.679056928777311,0.8963345409521909,0.8952002662772107,1.7252307691704047,1.3944488437572213,0.473269338628995,1.285569340238181,1.467641878959388,-3.110542546594538,0.7420738947418721,2.9027458659509953,1.8150779933081982,-0.4070220038326657
Wayne State College,No,1373,1373,724,6,21,2754,474,2700,2660,540,1660,60.0,68,20.3,29,4550,52,5.618938002820775,Low,0,0,0.15041516670697416,0.49752215790860554,-1.7978331880954055,0.3900524541354916,0.21832501485130879,-2.6503845997201463,0.05539420530459672,0.6699416162275255,-0.8956449178437978,-0.9283307329438812,1.5104862816404492,0.605737985971725,-1.9139168347262467,-1.0987972149572356,1.7214721572963376
Waynesburg College,Yes,1190,978,324,12,30,1280,61,8840,3620,500,1200,57.0,58,16.2,26,6563,63,5.533938352467676,Medium,1,1,-0.19479982689961325,-0.35694402172489637,-0.9727316677869278,-0.3956567104521617,-0.9912281496306625,-0.2874658280935898,-0.2291946039516519,-0.007652219826546156,-1.0589485972397998,-1.4375163915219222,0.5734771377015533,0.3918121831278882,-0.6981290896887352,0.3581403891754813,0.5096348935403839
Webber College,Yes,280,143,79,5,27,327,110,5590,2900,650,1952,53.0,63,15.1,4,4839,90,4.622534382336454,Low,0,1,-2.3120072817053243,-2.1369023289834743,-1.9916231295773121,-2.1672111819212145,-0.6681269626758217,-1.3158953635086674,0.7526774067369608,1.0144459357051396,-1.2635854783881688,-1.199238322126377,0.30686892312721825,-1.9198799308640517,-1.692282304541443,-1.0987972149572356,-1.606793157901322
Webster University,Yes,665,462,226,17,44,1739,1550,9160,4340,500,500,68.0,68,20.6,14,6951,48,5.1788837485611685,Medium,1,1,-0.9873094056209313,-0.7752895170109221,-0.4994689411839057,-0.06550616831730077,1.0374853744153674,-0.20070658045054005,-0.2291946039516519,-1.7565250579131293,-0.4189723100864871,-0.9283307329438812,1.5760036933158947,-0.6263490551654358,-0.5284644765237004,0.3581403891754813,-0.3550176129230242
Wellesley College,Yes,2895,1249,579,80,96,2195,156,18345,5995,500,700,94.0,98,10.6,51,21409,91,6.048158040371684,High,2,1,0.05490751043285395,0.2704974884172681,2.1999983407607893,0.1709738900116242,-0.4675980676605612,1.7243817950358509,-0.2291946039516519,-1.09776212520345,1.5444826653483823,1.467641878959388,-0.8738990280930917,1.9107498885325442,1.9204222709752181,1.8150779933081982,-2.146084335696356
Wells College,Yes,318,240,130,40,85,416,19,14900,5550,600,500,93.0,98,8.3,42,13935,69,4.706599847677756,Medium,1,1,-1.7138432821428824,-1.4642685979670464,0.8591123720558882,-1.8150655120615597,-1.5775499650882299,1.0990167288974395,0.4496014388117547,-1.7565250579131293,1.4572396942508257,1.467641878959388,-1.5530655010797432,1.4214971999277994,1.1564636511325217,0.3581403891754813,0.0529849313881325
Wentworth Institute of Technology,Yes,1480,1257,452,6,25,2961,572,9850,6050,850,920,10.0,68,15.4,8,17858,64,5.663177817959691,Medium,1,1,0.06136941396507386,0.009699901680342994,-1.7978331880954055,0.45777309535354427,0.3419456575150521,-0.02018967835263675,1.7915241613760515,-0.550473254176688,-2.5199733693011925,-0.9283307329438812,0.38030884250552255,-1.310419180097965,1.619314106259667,0.3581403891754813,0.6965319014226851
Wesley College,Yes,980,807,350,10,25,872,448,9890,4674,500,1350,52.0,57,14.4,15,6243,84,5.417142982210856,Medium,1,1,-0.39399299013431993,-0.2702647819019641,-1.204141438433242,-0.8416717726840224,0.18166184939151506,-0.009983238659060829,-0.2291946039516519,0.23641393781517428,-1.3124058333016602,-1.481398373568703,0.1332649014169342,-0.5277223720549751,-0.8501481690884646,0.3581403891754813,0.5206590195920731
Wesleyan University,Yes,4772,1973,712,60,86,2714,27,19130,5600,1400,1400,90.0,94,12.1,39,16262,92,6.322956407121948,High,2,1,0.5105085856480546,0.4808122554662855,1.6144757210802636,0.3762501112999523,-1.4079726500278762,1.8558520901092599,3.8219628040698495,0.31220519615957604,1.2011418370759805,1.0656043502924986,-0.4618260387652622,1.2464286838639715,1.4518937216808274,1.8150779933081982,-2.2683897696783957
West Chester University of Penn.,No,6502,3539,1372,11,51,7484,1904,7844,4108,400,2000,76.0,79,15.3,16,6773,52,6.488105921634845,Low,0,0,1.0721560483327524,1.1054988705984363,-1.0845174670653988,1.2357243624571133,1.1897353146770404,-0.5714816336528199,-1.0385747644227592,1.066451766681205,0.1176563164912192,-0.20978440474634713,0.35589122750062535,-0.4323290036172367,-0.6044383805472404,-1.0987972149572356,-1.3783736353520624
West Liberty State College,No,1164,1062,478,12,25,2138,227,4470,2890,600,1210,33.0,33,16.3,10,4249,60,5.520732484405792,Low,0,0,-0.11020364421529474,0.06947392682514149,-0.9727316677869278,0.14485515166935267,-0.2444604301992909,-1.7618946999433829,0.4496014388117547,0.009474619732120822,-2.0624119657961333,-2.1983538567064675,0.5973594417391935,-1.060970526681064,-2.169094149685326,-1.0987972149572356,1.125394841458394
West Virginia Wesleyan College,Yes,1566,1400,483,28,55,1509,170,14200,3775,450,1100,58.0,81,16.4,42,8080,67,5.696316333655953,Medium,1,1,0.16998728613703862,0.08053884418559284,0.2564541555541443,-0.21558960617665887,-0.4172001723840956,0.960586212766258,-0.6142542984789047,-0.18659120673062196,-1.0054500100654609,-0.060091883356808096,0.621184811174139,1.4214971999277994,-0.10816158883636574,0.3581403891754813,1.0004116104086087
Western Carolina University,No,3224,2519,1057,11,31,5000,706,6390,2380,110,1622,67.0,78,14.6,9,6554,55,6.108188661370396,Low,0,0,0.748112435774553,0.8645963735034503,-1.0845174670653988,0.9166380559780783,0.48314881528904363,-1.032272349335928,-5.2909795308365135,0.6210434284801121,-0.48183437398018664,-0.28237352323745246,0.18319470580243435,-1.18236541463741,-0.7022476044658785,-1.0987972149572356,0.2339978015972519
Western Maryland College,Yes,1205,984,278,31,50,1071,98,14510,5340,500,1400,84.0,91,12.5,39,10026,60,5.541417064370684,Medium,1,1,-0.18850397148075118,-0.5319590398731038,0.42285937607467217,-0.5981516140813559,-0.7329188116093822,1.0224317911050393,-0.2291946039516519,0.31220519615957604,0.7142803580969322,0.7816568116943878,-0.3553625238528725,1.2464286838639715,0.43763052628166343,0.3581403891754813,0.47391448879567905
Western Michigan University,No,9167,7191,2738,24,53,15739,4278,6940,4100,500,1700,80.0,84,24.7,11,5983,55,6.667186603460348,Low,0,0,1.7238802520029566,1.6989596791397295,0.012544204192919739,1.7548564728566332,1.8198841403271333,-0.8505821161095759,-0.2291946039516519,0.720306207993199,0.4084666114840554,0.17590711389826053,2.437145473476329,-0.9453261344609437,-0.982801663533892,-1.0987972149572356,0.2551982299573495
Western New England College,Yes,1650,1471,409,7,21,1803,1116,8994,5500,498,2065,74.0,97,15.4,15,8409,59,5.726850984408588,Medium,1,1,0.21958808204338917,-0.09842666344061166,-1.6267810138219474,-0.028009453844680027,0.800670817894818,-0.24545987162525776,-0.24393845730708985,1.1350640321609018,-0.022123945179242006,1.3645882269351624,0.38030884250552255,-0.5277223720549751,-0.002343635009224178,0.3581403891754813,0.9835263152361438
Western State College of Colorado,No,2702,1623,604,7,24,2315,146,5918,3755,500,2050,76.0,79,19.4,4,4599,52,6.009432018607068,Low,0,0,0.3176789770508723,0.31403703329093924,-1.6267810138219474,0.2233542720935883,-0.5061565996033315,-1.1965774389721355,-0.2291946039516519,1.1194097737132809,0.1176563164912192,-0.20978440474634713,1.3116354267818913,-1.9198799308640517,-1.87483098235194,-1.0987972149572356,-0.994913966600848
Western Washington University,No,5548,3563,1549,30,71,8909,506,8124,4144,639,2385,75.0,89,22.7,10,7203,61,6.403860017014157,Low,0,0,1.07852095065797,1.2143228582816736,0.3687770077049723,1.3651309166625565,0.26103831822349455,-0.4893521933067248,0.6877886927823774,1.446154649064044,0.0472975055627926,0.6005650532112241,2.0246562536423705,-1.060970526681064,-0.42589407067700696,-1.0987972149572356,-0.7122974423053594
Westfield State College,No,3100,2150,825,3,20,3234,941,5542,3788,500,1300,75.0,79,15.7,20,4222,65,6.086369310016925,Low,0,0,0.5945221343152753,0.626621220715478,-2.4887995845903816,0.5387467147877405,0.680712606364767,-1.333739193520609,-0.2291946039516519,0.15797762173098692,0.0472975055627926,-0.20978440474634713,0.4531942340637835,-0.07789765626183243,-2.19334665205313,-1.0987972149572356,-0.3631018333855019
Westminster College MO,Yes,662,553,184,20,43,665,37,10720,4050,600,1650,66.0,70,12.5,20,7925,62,5.176065717707329,Medium,1,1,-0.7935487515014537,-1.024643179885815,-0.2637884142137955,-1.1799357327066184,-1.2508324265266675,0.1959444457720112,0.4496014388117547,0.6571749645449183,-0.5437597006270006,-0.8104772611976783,-0.3553625238528725,-0.07789765626183243,-0.16034886977513937,0.3581403891754813,0.6014569697444317
Westminster College,Yes,996,866,377,29,58,1411,72,12065,3615,430,685,62.0,78,12.5,41,8596,80,5.426948165042447,Medium,1,1,-0.32055127375587805,-0.18778117748487302,0.3133361961439693,-0.2882709563123119,-0.9022691057091234,0.5084675326989632,-0.778798320740619,-1.140668583645787,-0.7820953142680762,-0.28237352323745246,-0.3553625238528725,1.3638859589907049,0.055000124897344696,0.3581403891754813,0.8336225290520117
Westminster College of Salt Lake City,Yes,917,720,213,21,60,979,743,8820,4050,600,2025,68.0,83,10.5,34,7170,50,5.376792166907876,Medium,1,1,-0.5134828753060905,-0.846335178583432,-0.1910995085854955,-0.7032080691227859,0.517862761029771,-0.2929563256461898,0.4496014388117547,1.0930821131393202,-0.4189723100864871,0.09569733284866454,-0.9021518863751777,0.9383237726310382,-0.4390088877802553,0.3581403891754813,0.26012871918648317
Westmont College,No,950,713,351,42,72,1276,9,14320,5304,490,1410,77.0,77,14.9,17,8837,87,5.398286559166941,Medium,1,0,-0.5237605422245605,-0.2670805907577139,0.9459121453121655,-0.399144241600918,-1.9191497251245844,0.9846306621540174,-0.3034345775074199,0.3270621246195531,0.18895256078278097,-0.35347352257287784,0.25759334859915606,-0.3398815888114029,0.12612656938276154,0.3581403891754813,0.02447879335844554
Wheaton College IL,Yes,1432,920,548,56,84,2200,56,11480,4200,530,1400,81.0,83,12.7,40,11916,85,5.643771126211779,Medium,1,1,-0.2578779208856574,0.21339521088230512,1.4803479884652577,0.17322549729631329,-1.0365500942946195,0.37550535122871215,-0.013985659609939928,0.31220519615957604,0.4835133023364041,0.09569733284866454,-0.3026284436876273,1.3055390172857926,0.8306806420581826,0.3581403891754813,-0.7106329867864434
Westminster College PA,Yes,1738,1373,417,21,55,1335,30,18460,5970,700,850,92.0,96,13.2,41,22704,71,5.75710069671793,High,2,1,0.15041516670697416,-0.07734474211585456,-0.1910995085854955,-0.3490094388131012,-1.3559697713457746,1.7438698760769915,1.0360807080301793,-0.7100928488101287,1.3709352724803292,1.2632379969775114,-0.17218743851993448,1.3638859589907049,2.0117510161231538,1.8150779933081982,0.2929121243143854
Wheeling Jesuit College,Yes,903,755,213,15,49,971,305,10500,4545,600,600,66.0,71,14.1,27,7494,72,5.3674213561558135,Medium,1,1,-0.4636475457337879,-0.846335178583432,-0.6744109272506593,-0.712908877390994,-0.06284045653180402,0.1424118724317926,0.4496014388117547,-1.4016057556008417,-0.5437597006270006,-0.7494672137091747,0.0578612934555406,0.464466880638092,-0.3141256324189978,0.3581403891754813,0.6065889645180805
Whitman College,Yes,1861,998,359,45,77,1220,46,16670,4900,750,800,80.0,83,10.5,51,13198,72,5.796735383842241,High,2,1,-0.1739718598411319,-0.2419778454276312,1.0705183742130722,-0.44941542364369746,-1.1393532694354782,1.43096131592973,1.3023649764046783,-0.8317407990918487,0.4084666114840554,0.09569733284866454,-0.9021518863751777,1.9107498885325442,1.0464841311853101,1.8150779933081982,-1.4329500816081142
Whittier College,Yes,1681,1069,344,35,63,1235,30,16249,5699,500,1998,84.0,92,13.6,29,11778,52,5.73770050535274,High,2,1,-0.1034795259520159,-0.28959295080793046,0.6270233788095004,-0.43567819961886056,-1.3559697713457746,1.354189599847541,-0.2291946039516519,1.0643080452469704,0.7142803580969322,0.8746535950171559,-0.06921364143108587,0.605737985971725,0.8053115233502973,1.8150779933081982,-0.7550322887549393
Whitworth College,Yes,1121,926,372,43,70,1270,160,12660,4500,678,2424,80.0,80,16.9,20,8328,80,5.498181793756119,Medium,1,1,-0.2511581745550662,-0.20253144463050615,0.9881629366230471,-0.404400602071556,-0.45279577970094953,0.6394261943177687,0.913630836550878,1.4813871222605604,0.4084666114840554,-0.1356944211524122,0.7394742565334033,-0.07789765626183243,-0.02779684738002976,0.3581403891754813,0.5382006634542115
Widener University,Yes,2139,1492,502,24,64,2186,2171,12350,5370,500,1350,88.0,86,12.6,19,9603,63,5.876827465186388,Medium,1,1,0.23376930722505934,0.12141192232450645,0.012544204192919739,0.16690519896417919,1.2884950889424895,0.5717126512542592,-0.2291946039516519,0.23641393781517428,1.0351018728628827,0.3410143789166372,-0.32895477682173246,-0.16286735762255852,0.3336478858396273,0.3581403891754813,-0.33607074426148115
Wilkes University,Yes,1631,1431,434,15,36,1803,603,11150,5130,550,1260,78.0,92,13.3,24,8543,67,5.720092640490603,Medium,1,1,0.1919673022602777,-0.03405472879350941,-0.6744109272506593,-0.028009453844680027,0.3770778172558809,0.298527976331629,0.12366360001576755,0.09319079537847007,0.2611863106631819,0.8746535950171559,-0.14633148248231995,0.24207061628816592,0.03894435293751086,0.3581403891754813,0.8873465809803931
Willamette University,Yes,1658,1327,395,49,80,1595,159,14800,4620,400,790,91.0,94,13.3,37,10779,68,5.729671665272411,Medium,1,1,0.1161027983108264,-0.13649015717666843,1.2273850455284772,-0.15639585241063214,-0.4564648167414976,1.0795063249243446,-1.0385747644227592,-0.8569127059325935,1.285569340238181,1.0656043502924986,-0.14633148248231995,1.1257980885897985,0.6069399664301681,0.3581403891754813,0.363474968648864
William Jewell College,Yes,663,547,315,32,67,1279,75,10060,2970,500,2600,74.0,80,11.2,19,7885,59,5.177006580876351,Medium,1,1,-0.805236911053544,-0.3888347495730524,0.4756588429698257,-0.39652734657810157,-0.8801407632332473,0.03309415651257141,-0.2291946039516519,1.634127495732541,-0.022123945179242006,-0.1356944211524122,-0.7065095991630403,-0.16286735762255852,-0.17407282626408035,0.3581403891754813,0.5313271909564313
William Woods University,Yes,469,435,227,17,39,851,120,10535,4365,550,3700,39.0,66,12.9,16,7438,52,4.958501270949852,Medium,1,1,-1.0527470066805107,-0.7700207143202807,-0.4994689411839057,-0.8712846112880029,-0.6188310905150503,0.15097738811113046,0.12366360001576755,2.415134194648327,-1.861995858107514,-1.0407110988557453,-0.2502164792374274,-0.4323290036172367,-0.3351092920324069,0.3581403891754813,1.2283420964325382
Williams College,Yes,4186,1245,526,81,96,1988,29,19629,5790,500,1200,94.0,99,9.0,64,22014,99,6.251880396433773,High,2,1,0.05165994390640628,0.17056176327416073,2.2262660691867504,0.07185772335243855,-1.3727617016546403,1.9375903262235872,-0.2291946039516519,-0.007652219826546156,1.5444826653483823,1.572409762644023,-1.3393806834015403,2.5434953825905566,1.964120477023716,1.8150779933081982,-3.0576838088176266
Wilson College,Yes,167,130,46,16,50,199,676,11428,5084,450,475,67.0,76,8.3,43,10291,67,4.273040632432715,Medium,1,1,-2.4244647216107196,-2.9278471650404243,-0.5849046607537621,-2.9551199105494304,0.45377706875136087,0.36347294163275595,-0.6142542984789047,-1.8555147904115392,-0.48183437398018664,-0.4230962065588109,-1.5530655010797432,1.4783988095896108,0.4993904976493249,0.3581403891754813,0.2143770628670472
Wingate College,Yes,1239,1017,383,10,34,1207,157,7820,3400,550,1550,69.0,81,13.9,8,7264,91,5.558005429457637,Low,0,1,-0.1545945660839977,-0.17037589417541857,-1.204141438433242,-0.46148860661455593,-0.4638657067274974,-0.5786103630272444,0.12366360001576755,0.5254123188243783,-0.3551734271494861,-0.060091883356808096,0.007245147886748601,-1.310419180097965,-0.4018938516147492,-1.0987972149572356,0.5026591753607847
Winona State University,No,3325,2047,1301,20,45,5800,872,4200,2700,300,1200,53.0,60,20.2,18,5318,58,6.12530575266884,Low,0,0,0.5465759096484905,1.0572019046433572,-0.2637884142137955,1.037346431769823,0.6278025423878265,-1.8801988340946807,-2.048308048513365,-0.007652219826546156,-1.2635854783881688,-1.3460179845367914,1.4885635747884411,-0.2501326687269887,-1.3666160743901539,-1.0987972149572356,-0.8930637307237065
Winthrop University,No,2320,1805,769,24,61,3395,670,6400,3392,580,2150,71.0,80,12.8,26,6729,59,5.923182749223938,Low,0,0,0.42295312750219,0.55745390543658,0.012544204192919739,0.5826904389217379,0.44776209048702337,-1.0288789635676352,0.322174426381495,1.221831296486603,-0.2247648828620271,-0.1356944211524122,-0.27638263533977875,0.3918121831278882,-0.6236948310044769,-1.0987972149572356,0.21148015361051295
Wisconsin Lutheran College,Yes,152,128,75,17,41,282,22,9100,3700,500,1400,48.0,48,8.5,26,8960,50,4.207967806788666,Medium,1,1,-2.442828475420071,-2.2100771223137294,-0.4994689411839057,-2.3931913503392033,-1.5075173179698154,-0.21682050591119023,-0.2291946039516519,0.31220519615957604,-1.498334943952575,-1.8227310098814986,-1.491320427014306,0.3918121831278882,0.16128556010863068,0.3581403891754813,0.6474257244242534
Wittenberg University,Yes,1979,1739,575,42,68,1980,144,15948,4404,400,800,82.0,95,12.8,29,10414,78,5.832201903991026,High,2,1,0.386144861545421,0.2633301416186937,0.9459121453121655,0.06777717653348483,-0.5141529033467143,1.298495799095605,-1.0385747644227592,-0.8317407990918487,0.5594977786457802,1.1635803366973685,-0.27638263533977875,0.605737985971725,0.527229690496521,1.8150779933081982,0.896535028460781
Wofford College,Yes,1501,935,273,51,83,1059,34,12680,4150,605,1440,91.0,92,15.3,42,7875,75,5.671456918029815,Medium,1,1,-0.24116534638736328,-0.5529771240853327,1.3022664532279355,-0.611218195855224,-1.2934851488090784,0.6437572307305874,0.4808793034589334,0.37105468912027983,1.285569340238181,0.8746535950171559,0.35589122750062535,1.4214971999277994,-0.17752060496306557,0.3581403891754813,-0.8435501254277102
Worcester Polytechnic Institute,Yes,2768,2314,682,49,86,2802,86,15884,5370,530,730,92.0,94,15.2,34,10774,82,6.022999985700211,High,2,1,0.6660117546919918,0.437575387604558,1.2273850455284772,0.4062962085515197,-0.8052989747267916,1.2865650797263204,-0.013985659609939928,-1.014444468273074,1.3709352724803292,1.0656043502924986,0.33141144399481504,0.9383237726310382,0.6058762532703789,1.8150779933081982,0.6057779701630774
Worcester State College,No,2197,1515,543,4,26,3089,2029,6797,3900,500,1200,60.0,60,21.0,14,4469,40,5.892125803297092,Low,0,0,0.24905830645250682,0.20383666613898596,-2.216819485276005,0.496824431853147,1.237428064289725,-0.8968839680785266,-0.2291946039516519,-0.007652219826546156,-0.8956449178437978,-1.3460179845367914,1.6627857007207905,-0.6263490551654358,-1.9799723906934967,-1.0987972149572356,-0.3901184476431949
Xavier University,Yes,1959,1805,695,24,47,2849,1107,11520,4960,600,1250,73.0,75,13.3,31,9189,83,5.826352955520728,Medium,1,1,0.42295312750219,0.45657546961931306,0.012544204192919739,0.42187618694992735,0.7949301623211533,0.38473670860264636,0.4496014388117547,0.07669669114387034,-0.09060810988813835,-0.4912534379026085,-0.14633148248231995,0.7420738947418721,0.22480100330433048,0.3581403891754813,1.1867333683591723
Xavier University of Louisiana,Yes,2097,1915,695,34,61,2793,166,6900,4200,617,781,67.0,75,14.4,20,8323,49,5.865468905544251,Low,0,1,0.48121353510654696,0.45657546961931306,0.5776799288914052,0.4032764610534908,-0.431205973875573,-0.8634700462138201,0.5550371331515299,-0.8798209511911039,-0.48183437398018664,-0.4912534379026085,0.1332649014169342,-0.07789765626183243,-0.029380542782094118,-1.0987972149572356,1.13109661050383
Yale University,Yes,10705,2453,1317,95,99,5217,83,19840,6510,630,2115,96.0,96,5.8,49,40386,99,6.746591706859296,High,2,1,0.7224846746830338,1.0683467989939706,2.5709000589305027,0.9515919364341746,-0.8248132324389372,1.9717424155825214,0.6339700077405097,1.1864951440318414,1.7217844915537215,1.2632379969775114,-2.381681492310293,1.806191872967965,2.7688087578850706,1.8150779933081982,-3.5221084784548147
York College of Pennsylvania,Yes,2989,1855,691,28,63,2988,1726,4990,3560,500,1250,75.0,75,18.1,28,4509,99,6.0660280744321415,Low,0,1,0.44989271553602456,0.4507732493389179,0.2564541555541443,0.46617965341957046,1.116703446445653,-1.5466554499900282,-0.2291946039516519,0.07669669114387034,0.0472975055627926,-0.4912534379026085,1.0179463816947247,0.5357515534995189,-1.947123625853556,-1.0987972149572356,-0.8592576790660931
